year,seq,school_code,school_name,major_group,selection_requirement,score,remark
2024,1,0321,陆军工程大学,01,物理,510,99 98 112 201 
2024,2,0321,陆军工程大学,02,物理＋化学,498,85 97 106 210 
2024,3,0431,国防科技大学,01,物理＋化学,643,119 129 128 267 
2024,4,1003,中国人民公安大学,01,不限,623,120 110 117 276 
2024,5,1008,中央美术学院,01,不限(中外合办),593,118 110 137 228 
2024,6,1008,中央美术学院,02,不限,615,120 133 125 237 
2024,7,1008,中央美术学院,03,历史,619,120 107 128 264 
2024,8,1008,中央美术学院,04,物理＋化学,617,108 129 125 255 
2024,9,1009,中央戏剧学院,01,不限,600,111 114 123 252 
2024,10,1010,北京体育大学,01,不限(中外合办),518,95 104 115 204 外语线:105
2024,11,1010,北京体育大学,02,不限,597,107 116 125 249 
2024,12,1010,北京体育大学,03,物理,587,94 112 129 252 
2024,13,1010,北京体育大学,04,物理＋化学,581,104 123 126 228 
2024,14,1010,北京体育大学,05,思想政治＋历史,602,102 107 123 270 
2024,15,1011,中国社会科学院大学,01,不限,634,118 118 119 279 
2024,16,1012,首都体育学院,01,不限,495,88 97 100 210 
2024,17,1012,首都体育学院,02,物理,504,99 103 107 195 
2024,18,1013,中国音乐学院,01,不限,544,102 90 115 237 
2024,19,1015,中国戏曲学院,01,不限,516,114 100 95 207 语文线:110
2024,20,1015,中国戏曲学院,02,不限,528,95 95 122 216 外语线:110
2024,21,1015,中国戏曲学院,03,不限,521,105 104 84 228 
2024,22,1016,北京电影学院,01,不限,599,    
2024,23,1016,北京电影学院,02,不限,595,    
2024,24,1016,北京电影学院,03,不限,615,    
2024,25,1016,北京电影学院,04,不限,596,    
2024,26,1016,北京电影学院,05,不限,582,    
2024,27,1016,北京电影学院,06,物理,583,112 119 109 243 
2024,28,1016,北京电影学院,07,历史,588,    
2024,29,1016,北京电影学院,08,物理＋化学,616,107 118 130 261 
2024,30,1017,北京舞蹈学院,01,不限,529,110 104 105 210 
2024,31,1019,中国科学院大学,01,物理＋化学,682,115 137 145 285 
2024,32,1020,中央民族大学,01,不限,626,116 116 127 267 
2024,33,1020,中央民族大学,02,物理,627,112 125 129 261 
2024,34,1020,中央民族大学,03,历史,632,119 105 141 267 
2024,35,1020,中央民族大学,04,物理＋化学,620,117 116 120 267 
2024,36,1020,中央民族大学,05,物理＋化学(中外合办),604,114 118 120 252 
2024,37,1020,中央民族大学,06,物理＋化学(中外合办),601,114 108 133 246 
2024,38,1021,北京大学,01,不限,688,    
2024,39,1021,北京大学,02,不限,700,128 134 144 294 
2024,40,1021,北京大学,03,物理＋化学,690,129 141 144 276 
2024,41,1022,中国人民大学,01,不限,671,128 128 136 279 
2024,42,1022,中国人民大学,02,不限,684,121 130 142 291 
2024,43,1022,中国人民大学,03,不限,684,126 127 140 291 
2024,44,1022,中国人民大学,04,思想政治,670,127 125 145 273 
2024,45,1022,中国人民大学,05,物理＋化学,675,115 138 140 282 
2024,46,1023,清华大学,01,不限,688,    
2024,47,1023,清华大学,02,物理,698,    
2024,48,1023,清华大学,03,物理＋化学,689,    
2024,49,1025,北京交通大学,01,物理＋化学(中外合办),629,109 127 132 261 
2024,50,1025,北京交通大学,02,物理＋化学(中外合办),625,109 138 132 246 
2024,51,1025,北京交通大学,03,不限,632,109 130 138 255 
2024,52,1025,北京交通大学,04,物理,635,115 135 127 258 
2024,53,1025,北京交通大学,05,物理＋化学,639,111 130 137 261 
2024,54,1025,北京交通大学,06,物理＋化学,648,116 134 131 267 
2024,55,1025,北京交通大学,07,物理＋化学,650,116 126 138 270 
2024,56,1025,北京交通大学,08,物理＋化学,651,113 129 136 273 
2024,57,1026,北京科技大学,01,不限,628,114 117 127 270 
2024,58,1026,北京科技大学,02,物理,633,110 131 131 261 
2024,59,1026,北京科技大学,03,物理＋化学,647,114 135 125 273 
2024,60,1026,北京科技大学,04,物理＋化学,638,112 127 126 273 
2024,61,1026,北京科技大学,05,物理＋化学,634,112 119 133 270 
2024,62,1027,北京化工大学,01,物理＋化学(中外合办),590,110 117 132 231 
2024,63,1027,北京化工大学,02,不限,616,111 123 112 270 
2024,64,1027,北京化工大学,03,物理＋化学,617,99 130 124 264 
2024,65,1027,北京化工大学,04,物理＋化学,612,107 112 129 264 
2024,66,1028,北京邮电大学,01,历史,631,116 111 128 276 
2024,67,1028,北京邮电大学,02,物理＋化学,651,    
2024,68,1028,北京邮电大学,03,物理＋化学,663,117 136 140 270 
2024,69,1029,中国农业大学,01,不限(中外合办),611,113 129 135 234 
2024,70,1029,中国农业大学,02,不限,635,109 125 143 258 
2024,71,1029,中国农业大学,03,物理＋化学,635,111 133 130 261 
2024,72,1030,北京林业大学,01,物理＋化学(中外合办),585,110 100 141 234 外语线:100
2024,73,1030,北京林业大学,02,不限,614,117 115 139 243 
2024,74,1030,北京林业大学,03,物理,608,116 122 127 243 
2024,75,1030,北京林业大学,04,生物,615,119 118 120 258 
2024,76,1030,北京林业大学,05,地理,622,103 133 128 258 
2024,77,1030,北京林业大学,06,物理＋化学,590,121 121 114 234 
2024,78,1031,北京中医药大学,01,不限,604,103 112 122 267 
2024,79,1031,北京中医药大学,02,物理＋化学,584,116 120 117 231 
2024,80,1031,北京中医药大学,03,物理＋化学,514,105 108 115 186 
2024,81,1032,北京师范大学,01,不限,663,    
2024,82,1032,北京师范大学,02,不限,657,120 129 129 279 
2024,83,1032,北京师范大学,03,物理,659,120 142 130 267 
2024,84,1032,北京师范大学,04,思想政治,664,119 127 142 276 
2024,85,1032,北京师范大学,05,物理＋化学,658,    
2024,86,1033,北京外国语大学,01,不限,628,111 131 137 249 
2024,87,1033,北京外国语大学,02,思想政治,631,118 122 139 252 
2024,88,1035,北京语言大学,01,不限,596,109 91 135 261 
2024,89,1035,北京语言大学,02,物理,586,114 121 114 237 
2024,90,1035,北京语言大学,03,思想政治,598,115 113 121 249 
2024,91,1035,北京语言大学,04,物理＋化学,585,109 120 113 243 
2024,92,1036,中国传媒大学,01,不限(中外合办),616,118 112 110 276 
2024,93,1036,中国传媒大学,02,物理＋化学(中外合办),585,109 104 132 240 
2024,94,1036,中国传媒大学,03,不限,620,113 97 134 276 
2024,95,1036,中国传媒大学,04,不限,622,113 123 140 246 
2024,96,1036,中国传媒大学,05,物理＋化学,618,110 126 133 249 
2024,97,1037,中央财经大学,01,不限(中外合办),631,126 96 139 270 
2024,98,1037,中央财经大学,02,不限,641,    
2024,99,1037,中央财经大学,03,物理,643,105 129 145 264 
2024,100,1038,对外经济贸易大学,01,不限,642,    
2024,101,1038,对外经济贸易大学,02,物理,642,    
2024,102,1038,对外经济贸易大学,03,物理＋化学,643,111 132 130 270 
2024,103,1039,中国政法大学,01,不限,666,120 126 141 279 
2024,104,1039,中国政法大学,02,不限,660,130 119 138 273 
2024,105,1039,中国政法大学,03,不限,637,115 121 140 261 
2024,106,1040,华北电力大学(北京),01,物理,614,107 116 115 276 
2024,107,1040,华北电力大学(北京),02,历史,619,110 104 129 276 
2024,108,1040,华北电力大学(北京),03,物理＋化学,623,105 129 116 273 
2024,109,1041,中国矿业大学(北京),01,不限,604,112 112 116 264 
2024,110,1041,中国矿业大学(北京),02,物理,597,117 113 118 249 
2024,111,1041,中国矿业大学(北京),03,物理＋化学,600,104 121 123 252 
2024,112,1042,中国石油大学(北京),01,不限,611,119 118 134 240 
2024,113,1042,中国石油大学(北京),02,物理,607,115 119 121 252 
2024,114,1042,中国石油大学(北京),03,物理＋化学,591,102 120 135 234 
2024,115,1042,中国石油大学(北京),04,思想政治＋历史,613,111 104 125 273 
2024,116,1043,中国地质大学(北京),01,不限,613,112 113 136 252 
2024,117,1043,中国地质大学(北京),02,物理,605,108 127 118 252 
2024,118,1043,中国地质大学(北京),03,物理＋化学,585,103 115 124 243 
2024,119,1045,北京大学医学部,01,不限,671,119 136 134 282 
2024,120,1045,北京大学医学部,02,化学,639,113 123 142 261 
2024,121,1045,北京大学医学部,03,物理＋化学,670,120 138 148 264 
2024,122,1045,北京大学医学部,04,物理＋化学,678,114 135 138 291 
2024,123,1045,北京大学医学部,05,物理＋化学,671,122 132 141 276 
2024,124,1046,北京协和医学院,01,物理＋化学,566,99 119 105 243 
2024,125,1047,北京航空航天大学,01,历史,651,    
2024,126,1047,北京航空航天大学,02,物理＋化学,667,    
2024,127,1047,北京航空航天大学,03,物理＋化学,646,128 123 137 258 
2024,128,1048,北京理工大学,01,历史,654,128 118 138 270 
2024,129,1048,北京理工大学,02,物理＋化学,674,127 134 134 279 备注：珠海校区
2024,130,1048,北京理工大学,03,物理＋化学,664,112 138 129 285 
2024,131,1048,北京理工大学,04,不限(中外合办),632,116 117 141 258 
2024,132,1049,北京工业大学,01,不限,606,113 118 129 246 
2024,133,1049,北京工业大学,02,物理,592,102 113 131 246 
2024,134,1049,北京工业大学,03,物理＋化学,585,112 118 118 237 
2024,135,1049,北京工业大学,04,物理＋化学,600,111 126 126 237 
2024,136,1049,北京工业大学,05,物理(中外合办),585,95 115 129 246 外语线:110
2024,137,1049,北京工业大学,06,物理＋化学(中外合办),594,101 124 117 252 外语线:110
2024,138,1051,首都医科大学,01,不限,581,115 107 116 243 
2024,139,1051,首都医科大学,02,物理,560,104 113 97 246 
2024,140,1051,首都医科大学,03,化学,553,98 112 115 228 
2024,141,1051,首都医科大学,04,物理＋化学,624,105 125 139 255 
2024,142,1051,首都医科大学,05,物理＋化学,610,117 118 129 246 
2024,143,1051,首都医科大学,06,物理＋化学,570,107 124 96 243 
2024,144,1051,首都医科大学,07,物理＋化学,556,111 107 125 213 
2024,145,1051,首都医科大学,08,物理＋化学,557,98 100 122 237 
2024,146,1051,首都医科大学,09,物理＋化学,579,95 111 121 252 
2024,147,1052,首都师范大学,01,不限,582,109 97 112 264 
2024,148,1052,首都师范大学,02,历史,595,110 108 116 261 
2024,149,1052,首都师范大学,03,地理,590,104 105 132 249 
2024,150,1052,首都师范大学,04,物理＋化学,545,103 112 105 225 
2024,151,1052,首都师范大学,05,物理＋化学,567,99 117 114 237 
2024,152,1053,北京第二外国语学院,01,不限,527,    外语线:90
2024,153,1053,北京第二外国语学院,02,不限,526,    外语线:90
2024,154,1053,北京第二外国语学院,03,思想政治,546,106 93 113 234 外语线:90
2024,155,1055,首都经济贸易大学,01,物理＋化学(中外合办),558,102 120 123 213 外语线:105
2024,156,1055,首都经济贸易大学,02,不限,580,    
2024,157,1055,首都经济贸易大学,03,不限,560,110 102 111 237 
2024,158,1055,首都经济贸易大学,04,不限,568,    
2024,159,1055,首都经济贸易大学,05,不限,572,    
2024,160,1055,首都经济贸易大学,06,物理,561,105 113 109 234 
2024,161,1055,首都经济贸易大学,07,物理＋化学,564,97 117 110 240 
2024,162,1060,中国劳动关系学院,01,不限,521,100 83 107 231 
2024,163,1060,中国劳动关系学院,02,思想政治,524,104 103 110 207 
2024,164,1060,中国劳动关系学院,03,历史,530,114 64 112 240 
2024,165,1060,中国劳动关系学院,04,物理＋化学,505,84 114 73 234 
2024,166,1061,中华女子学院,01,不限(女),517,98 95 99 225 
2024,167,1061,中华女子学院,02,物理＋化学(女),507,103 92 105 207 
2024,168,1062,北方工业大学,01,物理＋化学(中外合办),496,    外语线:100
2024,169,1062,北方工业大学,02,不限,528,    
2024,170,1062,北方工业大学,03,物理＋化学,526,101 101 111 213 
2024,171,1063,北京工商大学,01,物理＋化学(中外合办),535,105 102 112 216 
2024,172,1063,北京工商大学,02,物理＋化学(中外合办),529,101 101 111 216 
2024,173,1063,北京工商大学,03,不限,565,    
2024,174,1063,北京工商大学,04,不限,550,    
2024,175,1063,北京工商大学,05,物理,539,99 118 109 213 
2024,176,1063,北京工商大学,06,物理＋化学,532,99 102 106 225 
2024,177,1063,北京工商大学,07,物理＋化学,513,97 108 107 201 
2024,178,1064,北京信息科技大学,01,不限,535,    
2024,179,1064,北京信息科技大学,02,物理,532,97 107 103 225 
2024,180,1064,北京信息科技大学,03,物理＋化学,577,99 128 113 237 
2024,181,1064,北京信息科技大学,04,物理＋化学,547,100 101 103 243 
2024,182,1064,北京信息科技大学,05,物理＋化学,538,98 107 84 249 
2024,183,1065,北京服装学院,01,不限,488,    
2024,184,1065,北京服装学院,02,物理＋化学,434,    
2024,185,1066,北京印刷学院,01,不限,507,    
2024,186,1066,北京印刷学院,02,物理,503,92 108 93 210 
2024,187,1066,北京印刷学院,03,物理＋化学,478,100 85 98 195 
2024,188,1067,北京建筑大学,01,不限,544,    
2024,189,1067,北京建筑大学,02,不限,529,    
2024,190,1067,北京建筑大学,03,物理,525,100 104 96 225 
2024,191,1067,北京建筑大学,04,物理＋化学,504,99 98 97 210 
2024,192,1067,北京建筑大学,05,物理＋化学,520,110 102 98 210 
2024,193,1068,北京石油化工学院,01,不限,489,105 67 104 213 
2024,194,1068,北京石油化工学院,02,物理,488,105 90 98 195 
2024,195,1068,北京石油化工学院,03,物理＋化学,463,81 101 89 192 
2024,196,1069,北京农学院,01,不限(中外合办),485,90 79 118 198 
2024,197,1069,北京农学院,02,物理＋化学(中外合办),434,    
2024,198,1069,北京农学院,03,不限,488,80 98 103 207 
2024,199,1069,北京农学院,04,生物,503,99 81 98 225 
2024,200,1069,北京农学院,05,物理＋化学,435,80 89 80 186 
2024,201,1069,北京农学院,06,物理＋化学,494,103 113 80 198 
2024,202,1070,北京物资学院,01,物理(中外合办),481,82 93 105 201 
2024,203,1070,北京物资学院,02,不限,508,    
2024,204,1070,北京物资学院,03,不限,508,    
2024,205,1070,北京物资学院,04,物理,504,98 101 110 195 
2024,206,1070,北京物资学院,05,物理＋化学,505,96 109 108 192 
2024,207,1076,北京联合大学,01,物理(中外合办),481,82 73 116 210 
2024,208,1076,北京联合大学,02,物理＋化学(中外合办),457,92 82 106 177 
2024,209,1076,北京联合大学,03,不限,509,    
2024,210,1076,北京联合大学,04,不限,498,    
2024,211,1076,北京联合大学,05,不限,497,    
2024,212,1076,北京联合大学,06,不限,487,    
2024,213,1076,北京联合大学,07,物理,490,87 94 105 204 
2024,214,1076,北京联合大学,08,地理,501,88 92 102 219 
2024,215,1076,北京联合大学,09,物理＋化学,493,84 102 109 198 
2024,216,1076,北京联合大学,10,物理＋化学,479,95 98 103 183 
2024,217,1076,北京联合大学,11,物理＋化学,447,86 99 82 180 
2024,218,1084,北京城市学院,01,不限,452,87 101 60 204 
2024,219,1084,北京城市学院,02,不限,451,87 104 101 159 
2024,220,1084,北京城市学院,03,物理,449,92 75 93 189 
2024,221,1084,北京城市学院,04,化学,451,73 100 62 216 
2024,222,1084,北京城市学院,05,地理,473,91 95 77 210 
2024,223,1084,北京城市学院,06,物理＋化学,434,    
2024,224,1090,首都师范大学科德学院,01,不限,434,    
2024,225,1090,首都师范大学科德学院,02,物理＋化学,434,    
2024,226,1091,北京金融科技学院,01,不限,434,    
2024,227,1091,北京金融科技学院,02,物理,434,    
2024,228,1091,北京金融科技学院,03,物理＋化学,434,    
2024,229,1092,北京邮电大学世纪学院,01,不限,445,83 92 84 186 
2024,230,1092,北京邮电大学世纪学院,02,物理,447,85 94 79 189 
2024,231,1092,北京邮电大学世纪学院,03,物理＋化学,434,    
2024,232,1093,北京工业大学耿丹学院,01,不限,435,83 48 109 195 
2024,233,1093,北京工业大学耿丹学院,02,物理,434,    
2024,234,1093,北京工业大学耿丹学院,03,物理＋化学,434,    
2024,235,1095,北京第二外国语学院中瑞酒店管理学院,01,不限,434,    
2024,236,1109,首钢工学院,01,物理＋化学,461,85 109 75 192 
2024,237,1128,民政职业大学,01,不限,486,97 98 87 204 
2024,238,1128,民政职业大学,02,物理,490,89 95 117 189 
2024,239,1140,北京联合大学（京津冀职教改革项目）,01,不限,481,100 79 98 204 
2024,240,1140,北京联合大学（京津冀职教改革项目）,02,物理,478,95 115 64 204 
2024,241,1140,北京联合大学（京津冀职教改革项目）,03,物理＋化学,440,80 94 98 168 
2024,242,1141,北京信息科技大学（京津冀职教改革项目）,01,不限,486,85 109 91 201 
2024,243,1142,北京工商大学（京津冀职教改革项目）,01,不限,500,88 104 92 216 
2024,244,1142,北京工商大学（京津冀职教改革项目）,02,物理,490,101 90 95 204 
2024,245,1203,天津美术学院,01,不限,514,103 84 99 228 
2024,246,1210,南开大学,01,不限,664,118 137 136 273 
2024,247,1210,南开大学,02,不限,661,    
2024,248,1210,南开大学,03,物理＋化学,663,111 135 138 279 
2024,249,1211,天津大学,01,不限,652,112 135 135 270 
2024,250,1211,天津大学,02,物理＋化学,653,115 132 133 273 
2024,251,1211,天津大学,03,物理＋化学,653,    
2024,252,1212,天津医科大学,01,物理＋化学,611,117 108 134 252 
2024,253,1212,天津医科大学,02,物理＋化学＋生物,603,115 115 130 243 
2024,254,1215,中国民航大学,01,不限,559,103 104 136 216 
2024,255,1215,中国民航大学,02,物理,565,103 119 118 225 
2024,256,1215,中国民航大学,03,思想政治,580,108 107 113 252 
2024,257,1215,中国民航大学,04,物理＋化学,556,91 115 116 234 
2024,258,1216,天津科技大学,01,不限(中外合办),540,102 82 86 270 
2024,259,1216,天津科技大学,02,物理＋化学(中外合办),530,108 114 86 222 
2024,260,1216,天津科技大学,03,不限,526,108 94 105 219 
2024,261,1216,天津科技大学,04,物理,532,107 98 102 225 
2024,262,1216,天津科技大学,05,物理＋化学,533,100 107 116 210 
2024,263,1217,天津工业大学,01,物理＋化学,587,98 117 120 252 
2024,264,1218,天津理工大学,01,不限,524,103 75 127 219 
2024,265,1218,天津理工大学,02,物理,523,92 96 128 207 
2024,266,1218,天津理工大学,03,物理＋化学,510,101 106 96 207 
2024,267,1219,天津农学院,01,不限,492,97 76 103 216 
2024,268,1219,天津农学院,02,物理＋化学,487,89 107 99 192 
2024,269,1220,天津中医药大学,01,物理＋化学(中外合办),563,100 104 119 240 外语线:110
2024,270,1220,天津中医药大学,02,不限,558,99 98 112 249 
2024,271,1220,天津中医药大学,03,物理＋化学,588,111 100 131 246 
2024,272,1220,天津中医药大学,04,物理＋化学,554,102 114 107 231 
2024,273,1220,天津中医药大学,05,物理＋化学,580,96 128 113 243 
2024,274,1221,天津师范大学,01,不限,572,110 107 115 240 
2024,275,1221,天津师范大学,02,物理,556,95 111 116 234 
2024,276,1221,天津师范大学,03,思想政治,596,113 106 128 249 
2024,277,1221,天津师范大学,04,物理＋化学,530,72 128 114 216 
2024,278,1221,天津师范大学,05,思想政治＋历史,582,114 100 116 252 
2024,279,1222,天津职业技术师范大学,01,物理＋化学,473,84 107 87 195 
2024,280,1223,天津外国语大学,01,不限,525,107 89 101 228 
2024,281,1223,天津外国语大学,02,思想政治,557,107 91 119 240 
2024,282,1224,天津商业大学,01,不限(中外合办),523,92 91 118 222 
2024,283,1224,天津商业大学,02,不限,522,98 113 92 219 
2024,284,1225,天津财经大学,01,不限(中外合办),550,98 113 117 222 
2024,285,1225,天津财经大学,02,不限,560,103 118 114 225 
2024,286,1225,天津财经大学,03,物理,553,108 114 103 228 
2024,287,1226,天津城建大学,01,不限,511,97 114 96 204 
2024,288,1226,天津城建大学,02,物理＋化学,477,93 95 100 189 
2024,289,1230,天津商业大学宝德学院,01,不限,476,103 68 107 198 
2024,290,1231,天津医科大学临床医学院,01,不限,481,86 93 119 183 
2024,291,1231,天津医科大学临床医学院,02,化学,502,99 87 82 234 
2024,292,1231,天津医科大学临床医学院,03,物理＋化学,468,92 100 99 177 
2024,293,1231,天津医科大学临床医学院,04,物理＋化学＋生物,495,99 90 120 186 
2024,294,1234,天津理工大学中环信息学院,01,物理,474,102 89 85 198 
2024,295,1234,天津理工大学中环信息学院,02,物理＋化学,444,91 89 84 180 
2024,296,1235,北京科技大学天津学院,01,不限,480,83 86 95 216 
2024,297,1235,北京科技大学天津学院,02,物理,476,98 97 95 186 
2024,298,1235,北京科技大学天津学院,03,化学,497,94 92 95 216 
2024,299,1235,北京科技大学天津学院,04,物理＋化学,434,    
2024,300,1236,天津仁爱学院,01,不限,467,90 95 105 177 
2024,301,1236,天津仁爱学院,02,物理＋化学,434,    
2024,302,1237,天津财经大学珠江学院,01,不限,477,93 83 109 192 
2024,303,1238,天津外国语大学滨海外事学院,01,不限,479,95 76 101 207 
2024,304,1301,中国人民警察大学,01,不限,540,103 105 119 213 
2024,305,1301,中国人民警察大学,02,物理＋化学,502,85 113 97 207 
2024,306,1310,华北电力大学(保定),01,物理,607,112 117 132 246 
2024,307,1310,华北电力大学(保定),02,历史,603,112 119 120 252 
2024,308,1310,华北电力大学(保定),03,物理＋化学,614,115 128 128 243 
2024,309,1311,东北大学秦皇岛分校,01,物理＋化学(中外合办),618,106 117 134 261 
2024,310,1311,东北大学秦皇岛分校,02,不限,604,113 114 118 249 
2024,311,1311,东北大学秦皇岛分校,03,物理,620,118 123 133 246 
2024,312,1311,东北大学秦皇岛分校,04,物理＋化学,621,104 119 137 261 
2024,313,1312,河北工业大学,01,物理＋化学(中外合办),587,102 120 119 246 
2024,314,1312,河北工业大学,02,物理＋化学,584,109 111 121 243 
2024,315,1313,燕山大学,01,不限,540,92 89 122 237 
2024,316,1313,燕山大学,02,物理＋化学,573,102 112 119 240 
2024,317,1316,防灾科技学院,01,不限,495,100 85 109 201 
2024,318,1316,防灾科技学院,02,物理,485,105 90 92 198 
2024,319,1316,防灾科技学院,03,物理＋化学,478,90 86 101 201 
2024,320,1317,华北科技学院,01,不限,487,94 83 106 204 
2024,321,1317,华北科技学院,02,物理＋化学,467,91 85 102 189 
2024,322,1318,河北大学,01,不限,561,106 98 87 270 
2024,323,1318,河北大学,02,物理＋化学,515,101 102 99 213 
2024,324,1319,河北工程大学,01,不限,523,101 98 108 216 
2024,325,1319,河北工程大学,02,物理＋化学,489,88 102 101 198 
2024,326,1320,河北地质大学,01,不限,503,98 84 102 219 
2024,327,1321,河北建筑工程学院,01,不限,486,94 80 93 219 
2024,328,1321,河北建筑工程学院,02,物理,486,92 110 59 225 
2024,329,1321,河北建筑工程学院,03,物理＋化学,444,88 83 81 192 
2024,330,1322,华北理工大学,01,化学,524,92 102 99 231 
2024,331,1322,华北理工大学,02,物理＋化学,530,94 110 107 219 
2024,332,1322,华北理工大学,03,物理＋化学＋生物,590,115 119 119 237 
2024,333,1324,河北医科大学,01,生物,536,108 87 101 240 
2024,334,1324,河北医科大学,02,物理＋化学,536,87 110 114 225 
2024,335,1324,河北医科大学,03,物理＋化学＋生物,604,99 121 126 258 
2024,336,1326,河北师范大学,01,历史,565,111 114 115 225 
2024,337,1326,河北师范大学,02,物理＋化学,500,89 89 115 207 
2024,338,1327,衡水学院,01,不限,485,105 77 69 234 
2024,339,1328,石家庄铁道大学,01,不限,533,98 98 91 246 
2024,340,1328,石家庄铁道大学,02,物理,538,103 109 104 222 
2024,341,1328,石家庄铁道大学,03,物理＋化学,541,107 114 119 201 
2024,342,1330,北华航天工业学院,01,物理＋化学(中外合办),493,102 100 111 180 
2024,343,1330,北华航天工业学院,02,不限,500,87 84 110 219 
2024,344,1330,北华航天工业学院,03,物理＋化学,513,99 94 113 207 
2024,345,1331,河北经贸大学,01,不限,518,103 90 112 213 
2024,346,1332,承德医学院,01,生物,530,108 112 94 216 
2024,347,1332,承德医学院,02,物理＋化学,554,107 103 122 222 
2024,348,1333,廊坊师范学院,01,思想政治,514,92 92 84 246 
2024,349,1333,廊坊师范学院,02,历史,526,103 91 95 237 
2024,350,1333,廊坊师范学院,03,物理＋化学,444,92 97 75 180 
2024,351,1335,河北中医药大学,01,物理＋化学,533,104 105 111 213 
2024,352,1341,华北理工大学轻工学院,01,不限,467,103 81 94 189 
2024,353,1342,河北医科大学临床学院,01,生物,511,102 97 102 210 
2024,354,1342,河北医科大学临床学院,02,物理＋化学＋生物,497,75 94 133 195 
2024,355,1344,河北工程大学科信学院,01,不限,482,98 96 90 198 
2024,356,1344,河北工程大学科信学院,02,物理＋化学,434,    
2024,357,1345,石家庄铁道大学四方学院,01,不限,485,100 85 108 192 
2024,358,1345,石家庄铁道大学四方学院,02,物理,492,96 100 95 201 
2024,359,1345,石家庄铁道大学四方学院,03,物理＋化学,434,    
2024,360,1346,河北地质大学华信学院,01,不限,466,83 89 96 198 
2024,361,1348,保定理工学院,01,不限,471,100 81 98 192 
2024,362,1348,保定理工学院,02,物理＋化学,434,    
2024,363,1349,燕京理工学院,01,不限,485,101 107 79 198 
2024,364,1349,燕京理工学院,02,物理＋化学,476,100 111 91 174 
2024,365,1350,北京中医药大学东方学院,01,不限,479,104 82 71 222 
2024,366,1350,北京中医药大学东方学院,02,化学,504,91 94 85 234 
2024,367,1350,北京中医药大学东方学院,03,生物,504,104 79 102 219 
2024,368,1350,北京中医药大学东方学院,04,物理＋化学,450,101 73 105 171 
2024,369,1353,沧州交通学院,01,不限,468,83 79 99 207 
2024,370,1353,沧州交通学院,02,物理＋化学,434,    
2024,371,1359,河北石油职业技术大学,01,不限,485,90 105 98 192 
2024,372,1359,河北石油职业技术大学,02,物理,482,88 91 96 207 
2024,373,1361,河北北方学院,01,物理＋化学,519,98 104 104 213 
2024,374,1365,河北金融学院,01,不限,487,104 78 107 198 
2024,375,1365,河北金融学院,02,物理,480,96 89 94 201 
2024,376,1385,河北外国语学院,01,不限,462,83 85 93 201 
2024,377,1385,河北外国语学院,02,化学,464,92 96 78 198 
2024,378,1389,河北环境工程学院,01,物理＋化学,434,    
2024,379,1393,河北东方学院,01,不限,479,97 101 92 189 
2024,380,1393,河北东方学院,02,物理＋化学,434,    
2024,381,1401,山西大学,01,不限,574,95 122 126 231 
2024,382,1401,山西大学,02,物理＋化学,584,90 135 119 240 
2024,383,1402,太原科技大学,01,物理＋化学,494,105 91 103 195 
2024,384,1403,中北大学,01,不限,516,100 78 95 243 
2024,385,1403,中北大学,02,物理＋化学,537,92 108 103 234 
2024,386,1404,太原理工大学,01,物理＋化学,587,108 115 130 234 
2024,387,1405,山西医科大学,01,物理＋化学,509,101 105 108 195 
2024,388,1405,山西医科大学,02,物理＋化学＋生物,520,94 118 80 228 
2024,389,1406,山西师范大学,01,不限,514,100 85 98 231 
2024,390,1406,山西师范大学,02,物理＋化学,434,    
2024,391,1407,山西大同大学,01,不限,484,94 103 86 201 
2024,392,1407,山西大同大学,02,物理＋化学＋生物,508,101 103 112 192 
2024,393,1408,山西财经大学,01,不限,516,99 84 99 234 
2024,394,1408,山西财经大学,02,物理,520,94 92 100 234 
2024,395,1410,山西农业大学,01,不限,486,90 103 83 210 
2024,396,1410,山西农业大学,02,物理＋化学＋生物,434,    
2024,397,1411,吕梁学院,01,生物,481,94 87 78 222 
2024,398,1411,吕梁学院,02,历史,484,98 79 82 225 
2024,399,1411,吕梁学院,03,地理,478,94 80 97 207 
2024,400,1411,吕梁学院,04,物理＋化学,462,99 98 67 198 
2024,401,1412,山西中医药大学,01,物理＋化学,540,114 108 96 222 
2024,402,1412,山西中医药大学,02,物理＋生物,530,99 99 107 225 
2024,403,1421,山西工学院,01,不限,484,101 76 91 216 
2024,404,1421,山西工学院,02,物理＋化学,462,86 102 61 213 
2024,405,1422,山西晋中理工学院,01,不限,471,99 61 98 213 
2024,406,1422,山西晋中理工学院,02,物理＋化学,434,    
2024,407,1436,山西传媒学院,01,物理＋化学,434,86 87 84 177 
2024,408,1501,内蒙古大学,01,不限,577,110 100 130 237 
2024,409,1501,内蒙古大学,02,物理,566,92 120 129 225 
2024,410,1501,内蒙古大学,03,思想政治,596,99 116 138 243 
2024,411,1501,内蒙古大学,04,历史,583,112 119 127 225 
2024,412,1501,内蒙古大学,05,物理＋化学,582,110 122 125 225 
2024,413,1502,内蒙古科技大学,01,思想政治,520,110 96 98 216 
2024,414,1502,内蒙古科技大学,02,物理＋化学,458,72 96 95 195 
2024,415,1504,内蒙古农业大学,01,不限,486,88 65 99 234 
2024,416,1508,内蒙古艺术学院,01,不限,476,94 78 124 180 语文线:90；外语线:85
2024,417,2110,大连海事大学,01,不限(中外合办),617,115 114 130 258 
2024,418,2110,大连海事大学,02,物理＋化学(中外合办),573,105 115 119 234 
2024,419,2110,大连海事大学,03,不限,602,109 115 126 252 
2024,420,2110,大连海事大学,04,物理,586,95 117 131 243 
2024,421,2110,大连海事大学,05,物理＋化学,594,105 119 130 240 
2024,422,2111,大连理工大学,01,物理＋化学,653,119 128 145 261 
2024,423,2111,大连理工大学,02,物理＋化学(中外合办),627,108 130 131 258 
2024,424,2111,大连理工大学,03,物理＋化学(中外合办),630,123 125 127 255 
2024,425,2112,东北大学,01,不限,611,115 127 123 246 
2024,426,2112,东北大学,02,物理,618,110 125 131 252 
2024,427,2112,东北大学,03,物理＋化学,626,123 126 134 243 
2024,428,2113,辽宁工程技术大学,01,物理＋化学,487,99 111 88 189 
2024,429,2114,沈阳农业大学,01,物理＋化学(中外合办),481,90 95 104 192 
2024,430,2114,沈阳农业大学,02,物理＋化学,501,103 98 96 204 
2024,431,2115,中国医科大学,01,物理＋化学(中外合办),562,108 110 125 219 外语线:105
2024,432,2115,中国医科大学,02,物理＋化学,623,113 127 128 255 
2024,433,2115,中国医科大学,03,物理＋化学,612,95 119 134 264 
2024,434,2116,大连理工大学(盘锦校区),01,物理＋化学(中外合办),621,113 139 117 252 
2024,435,2116,大连理工大学(盘锦校区),02,物理,620,112 116 140 252 
2024,436,2120,大连民族大学,01,不限,488,101 79 80 228 
2024,437,2120,大连民族大学,02,物理,498,93 89 94 222 
2024,438,2120,大连民族大学,03,物理＋化学,477,94 99 107 177 
2024,439,2121,辽宁大学,01,不限(中外合办),588,99 109 134 246 外语线:105
2024,440,2121,辽宁大学,02,不限,597,106 108 113 270 
2024,441,2121,辽宁大学,03,思想政治,597,109 102 119 267 
2024,442,2121,辽宁大学,04,物理＋化学,593,105 116 135 237 
2024,443,2122,沈阳工业大学,01,物理＋化学,525,99 128 76 222 
2024,444,2123,沈阳航空航天大学,01,不限,517,106 97 104 210 
2024,445,2123,沈阳航空航天大学,02,物理＋化学,530,99 108 125 198 
2024,446,2124,沈阳理工大学,01,物理＋化学,511,93 105 85 228 
2024,447,2125,辽宁科技大学,01,物理＋化学,485,91 110 110 174 
2024,448,2126,辽宁石油化工大学,01,物理＋化学,464,86 114 87 177 
2024,449,2128,大连交通大学,01,物理＋化学,507,99 101 100 207 
2024,450,2130,沈阳建筑大学,01,物理,516,110 90 106 210 
2024,451,2130,沈阳建筑大学,02,物理＋化学,486,87 119 73 207 
2024,452,2131,大连海洋大学,01,物理＋化学,492,98 100 108 186 
2024,453,2131,大连海洋大学,02,物理＋化学,479,93 101 108 177 
2024,454,2131,大连海洋大学,03,物理＋化学,485,99 92 96 198 
2024,455,2132,锦州医科大学,01,物理＋生物(中外合办),493,90 114 79 210 
2024,456,2132,锦州医科大学,02,物理＋化学,546,97 100 118 231 
2024,457,2133,沈阳药科大学,01,物理＋化学,568,107 105 122 234 
2024,458,2135,辽宁师范大学,01,不限(中外合办),519,108 89 130 192 
2024,459,2135,辽宁师范大学,02,不限(中外合办),512,107 79 110 216 外语线:90
2024,460,2135,辽宁师范大学,03,物理＋化学,515,108 106 94 207 
2024,461,2136,沈阳师范大学,01,物理＋化学,489,97 103 88 201 
2024,462,2137,大连外国语大学,01,不限,524,105 79 115 225 
2024,463,2137,大连外国语大学,02,思想政治,541,102 98 119 222 
2024,464,2138,东北财经大学,01,不限,594,106 104 129 255 
2024,465,2138,东北财经大学,02,物理,585,104 120 124 237 
2024,466,2140,大连大学,01,不限,517,106 66 114 231 
2024,467,2142,沈阳工程学院,01,物理＋化学(中外合办),515,88 107 101 219 
2024,468,2142,沈阳工程学院,02,物理＋化学,494,91 104 110 189 
2024,469,2143,大连医科大学,01,物理＋化学,594,121 124 109 240 
2024,470,2143,大连医科大学,02,物理＋化学,615,106 128 135 246 
2024,471,2144,渤海大学,01,不限,490,93 95 104 198 
2024,472,2146,辽宁中医药大学,01,物理＋化学,585,104 116 119 246 
2024,473,2150,辽宁对外经贸学院,01,不限,450,77 106 96 171 
2024,474,2151,沈阳工学院,01,物理＋化学,434,    
2024,475,2155,锦州医科大学医疗学院,01,化学,486,102 94 104 186 
2024,476,2155,锦州医科大学医疗学院,02,物理＋化学,454,90 75 85 204 
2024,477,2156,大连财经学院,01,不限,481,93 90 97 201 
2024,478,2156,大连财经学院,02,物理,474,87 105 99 183 
2024,479,2159,大连东软信息学院,01,物理＋化学,434,    
2024,480,2160,大连理工大学城市学院,01,物理＋化学,434,    
2024,481,2164,辽宁何氏医学院,01,物理＋化学,435,91 84 98 162 
2024,482,2165,大连医科大学中山学院,01,物理＋化学,494,100 110 92 192 
2024,483,2210,吉林大学,01,不限,629,122 124 137 246 
2024,484,2210,吉林大学,02,不限,646,126 114 139 267 
2024,485,2210,吉林大学,03,物理,629,124 121 132 252 
2024,486,2210,吉林大学,04,历史,640,109 116 139 276 
2024,487,2210,吉林大学,05,物理＋化学,631,116 128 126 261 
2024,488,2210,吉林大学,06,物理＋化学,626,115 123 136 252 
2024,489,2210,吉林大学,07,物理＋化学,642,110 124 141 267 
2024,490,2211,东北师范大学,01,不限(中外合办),590,111 102 125 252 
2024,491,2211,东北师范大学,02,物理＋化学(中外合办),587,113 105 135 234 
2024,492,2211,东北师范大学,03,不限,599,111 101 120 267 
2024,493,2211,东北师范大学,04,化学,594,123 110 130 231 
2024,494,2212,延边大学,01,不限,554,96 110 114 234 
2024,495,2212,延边大学,02,物理＋化学,574,107 106 109 252 
2024,496,2215,长春理工大学,01,不限,521,109 83 110 219 
2024,497,2215,长春理工大学,02,物理,529,103 96 114 216 
2024,498,2215,长春理工大学,03,物理＋化学,555,107 122 110 216 
2024,499,2216,东北电力大学,01,物理＋化学(中外合办),579,100 115 130 234 
2024,500,2216,东北电力大学,02,物理＋化学,596,104 133 119 240 
2024,501,2216,东北电力大学,03,物理＋化学,564,77 125 113 249 
2024,502,2217,长春工业大学,01,不限,513,93 113 91 216 
2024,503,2217,长春工业大学,02,物理＋化学,505,92 96 89 228 
2024,504,2218,吉林建筑大学,01,物理＋化学,447,95 82 90 180 
2024,505,2220,北华大学,01,物理＋化学,493,92 86 99 216 
2024,506,2221,吉林师范大学,01,不限,543,99 105 117 222 
2024,507,2223,长春师范大学,01,历史(中外合办),482,108 66 104 204 
2024,508,2223,长春师范大学,02,物理＋化学(中外合办),459,99 94 95 171 
2024,509,2224,吉林财经大学,01,不限,524,106 76 117 225 
2024,510,2225,长春工程学院,01,物理＋化学,458,82 96 91 189 
2024,511,2227,长春大学,01,不限,499,86 112 94 207 
2024,512,2227,长春大学,02,物理＋化学,476,94 93 91 198 
2024,513,2228,吉林工商学院,01,不限,483,99 83 88 213 
2024,514,2228,吉林工商学院,02,物理＋化学,471,80 95 92 204 
2024,515,2236,长春电子科技学院,01,物理＋化学,434,    
2024,516,2237,长春财经学院,01,不限,468,94 79 100 195 
2024,517,2238,长春建筑学院,01,不限,452,86 80 79 207 
2024,518,2238,长春建筑学院,02,物理＋化学,434,    
2024,519,2239,长春科技学院,01,物理＋生物,457,81 90 79 207 
2024,520,2240,长春人文学院,01,不限,475,96 71 83 225 
2024,521,2241,吉林建筑科技学院,01,物理＋化学,434,    
2024,522,2243,长春中医药大学,01,物理＋化学,448,89 90 89 180 
2024,523,2310,东北林业大学,01,不限,576,105 94 131 246 
2024,524,2310,东北林业大学,02,物理＋化学,571,103 123 102 243 
2024,525,2311,哈尔滨工业大学,01,物理(中外合办),634,118 121 128 267 
2024,526,2311,哈尔滨工业大学,02,物理(中外合办),623,121 111 142 249 
2024,527,2311,哈尔滨工业大学,03,物理＋化学(中外合办),638,109 128 128 273 
2024,528,2311,哈尔滨工业大学,04,物理＋化学(中外合办),635,106 128 137 264 
2024,529,2311,哈尔滨工业大学,05,物理＋化学(中外合办),629,121 106 138 264 
2024,530,2311,哈尔滨工业大学,06,物理＋化学,666,119 140 134 273 
2024,531,2312,哈尔滨工程大学,01,物理＋化学(中外合办),590,93 124 130 243 
2024,532,2312,哈尔滨工程大学,02,物理＋化学(中外合办),608,111 109 127 261 
2024,533,2312,哈尔滨工程大学,03,物理＋化学,625,112 124 131 258 
2024,534,2312,哈尔滨工程大学,04,物理＋化学,637,112 143 127 255 
2024,535,2312,哈尔滨工程大学,05,物理＋化学,636,118 136 133 249 
2024,536,2313,东北石油大学,01,物理＋化学,489,93 84 102 210 
2024,537,2314,哈尔滨医科大学,01,物理＋化学＋生物,608,108 122 114 264 
2024,538,2315,东北农业大学,01,不限,585,95 110 119 261 
2024,539,2315,东北农业大学,02,物理＋化学,574,104 121 115 234 
2024,540,2315,东北农业大学,03,物理＋化学,565,93 116 125 231 外语线:100
2024,541,2320,黑龙江大学,01,不限,549,114 95 103 237 
2024,542,2320,黑龙江大学,02,物理＋化学,434,    
2024,543,2321,哈尔滨理工大学,01,物理＋化学,522,84 114 87 237 
2024,544,2322,黑龙江科技大学,01,不限,486,105 96 96 189 
2024,545,2322,黑龙江科技大学,02,物理＋化学,482,105 104 57 216 
2024,546,2323,佳木斯大学,01,物理＋化学＋生物,516,91 109 94 222 
2024,547,2325,哈尔滨师范大学,01,不限,554,108 104 120 222 
2024,548,2325,哈尔滨师范大学,02,物理＋化学,522,73 114 101 234 
2024,549,2326,齐齐哈尔大学,01,地理,523,105 103 99 216 
2024,550,2326,齐齐哈尔大学,02,物理＋化学,479,94 97 99 189 
2024,551,2327,大庆师范学院,01,不限,481,92 85 82 222 
2024,552,2328,哈尔滨商业大学,01,不限,512,110 96 96 210 
2024,553,2329,齐齐哈尔医学院,01,不限,485,91 78 94 222 
2024,554,2329,齐齐哈尔医学院,02,物理＋化学＋生物,506,98 97 107 204 
2024,555,2340,黑龙江外国语学院,01,不限,445,97 75 75 198 
2024,556,2343,哈尔滨华德学院,01,物理＋化学,434,    
2024,557,2350,哈尔滨金融学院,01,不限,485,104 69 93 219 
2024,558,3101,上海体育大学,01,不限,570,107 108 121 234 
2024,559,3101,上海体育大学,02,物理＋化学,547,97 107 109 234 
2024,560,3102,上海音乐学院,01,不限,578,98 101 142 237 
2024,561,3102,上海音乐学院,02,历史,574,107 90 119 258 
2024,562,3103,上海戏剧学院,01,不限,576,111 106 125 234 
2024,563,3110,复旦大学,01,不限,678,125 135 138 270 
2024,564,3110,复旦大学,02,不限,683,126 130 139 288 
2024,565,3110,复旦大学,03,物理＋化学,681,124 131 147 279 
2024,566,3110,复旦大学,04,物理＋化学,685,122 134 135 294 
2024,567,3111,同济大学,01,物理＋化学(中外合办),655,117 127 143 258 
2024,568,3111,同济大学,02,物理＋化学,662,114 136 142 270 
2024,569,3112,上海交通大学,01,物理＋化学(中外合办),676,118 142 140 276 
2024,570,3112,上海交通大学,02,不限,686,124 138 142 282 
2024,571,3112,上海交通大学,03,物理＋化学,687,    
2024,572,3112,上海交通大学,04,物理＋化学,684,    
2024,573,3113,华东理工大学,01,不限,618,114 115 128 261 
2024,574,3113,华东理工大学,02,物理＋化学,618,116 135 124 243 
2024,575,3114,东华大学,01,不限,610,115 109 134 252 
2024,576,3114,东华大学,02,物理＋化学,604,109 115 131 249 
2024,577,3115,华东师范大学,01,不限,653,119 125 142 267 
2024,578,3115,华东师范大学,02,思想政治,648,122 116 137 273 
2024,579,3115,华东师范大学,03,物理＋化学,649,116 140 129 264 
2024,580,3116,上海外国语大学,01,不限,618,114 126 135 243 
2024,581,3116,上海外国语大学,02,思想政治,627,114 110 139 264 
2024,582,3117,上海财经大学,01,不限,636,120 128 136 252 
2024,583,3117,上海财经大学,02,物理,639,120 127 122 270 
2024,584,3117,上海财经大学,03,物理＋化学,641,113 137 142 249 
2024,585,3118,上海交通大学医学院,01,物理＋化学,676,124 135 144 273 
2024,586,3118,上海交通大学医学院,02,物理＋化学,668,124 135 145 264 
2024,587,3119,上海中医药大学,01,物理＋化学,631,112 120 135 264 
2024,588,3120,上海大学,01,不限(中外合办),612,123 113 136 240 
2024,589,3120,上海大学,02,不限,623,117 116 132 258 
2024,590,3120,上海大学,03,物理＋化学,624,98 125 125 276 
2024,591,3121,复旦大学医学院,01,物理＋化学,679,123 132 139 285 
2024,592,3131,上海理工大学,01,不限(中外合办),578,104 114 120 240 
2024,593,3131,上海理工大学,02,物理＋化学(中外合办),580,107 123 110 240 
2024,594,3131,上海理工大学,03,不限,581,109 112 126 234 
2024,595,3131,上海理工大学,04,物理＋化学,581,102 110 117 252 
2024,596,3132,上海海事大学,01,不限,559,102 97 108 252 
2024,597,3133,上海电力大学,01,不限,559,100 116 106 237 
2024,598,3133,上海电力大学,02,物理＋化学,576,107 109 114 246 
2024,599,3134,上海海洋大学,01,物理＋化学,548,87 114 110 237 
2024,600,3136,华东政法大学,01,不限,626,121 117 127 261 
2024,601,3137,上海立信会计金融学院,01,不限,530,107 98 94 231 
2024,602,3137,上海立信会计金融学院,02,物理,522,97 110 102 213 
2024,603,3139,上海政法学院,01,不限,587,113 102 111 261 
2024,604,3140,上海商学院,01,不限,517,93 98 104 222 
2024,605,3140,上海商学院,02,物理＋化学,503,90 99 107 207 
2024,606,3143,上海对外经贸大学,01,不限,571,97 119 112 243 
2024,607,3152,上海师范大学天华学院,01,不限,444,94 63 95 192 
2024,608,3152,上海师范大学天华学院,02,物理＋化学,434,    
2024,609,3153,上海立达学院,01,不限,434,    
2024,610,3153,上海立达学院,02,物理,434,    
2024,611,3153,上海立达学院,03,物理＋化学,434,    
2024,612,3202,南京艺术学院,01,不限,541,99 94 114 234 
2024,613,3210,南京大学,01,物理＋化学(中外合办),652,118 132 129 273 
2024,614,3210,南京大学,02,不限,671,120 143 138 270 
2024,615,3210,南京大学,03,物理＋化学,673,125 135 137 276 
2024,616,3211,东南大学,01,物理＋化学,656,115 121 144 276 
2024,617,3212,中国矿业大学,01,物理＋化学(中外合办),581,101 112 128 240 
2024,618,3212,中国矿业大学,02,不限,588,110 103 132 243 
2024,619,3212,中国矿业大学,03,物理,584,101 117 126 240 
2024,620,3212,中国矿业大学,04,物理＋化学,583,114 127 108 234 
2024,621,3213,河海大学,01,物理＋化学(中外合办),574,107 107 123 237 
2024,622,3213,河海大学,02,不限,604,117 104 125 258 
2024,623,3213,河海大学,03,物理,601,114 111 130 246 
2024,624,3213,河海大学,04,物理＋化学,585,102 134 106 243 
2024,625,3214,江南大学,01,物理＋化学(中外合办),587,103 110 131 243 
2024,626,3214,江南大学,02,不限,600,111 98 121 270 
2024,627,3214,江南大学,03,物理＋化学,583,107 125 99 252 
2024,628,3215,南京农业大学,01,不限,594,    
2024,629,3215,南京农业大学,02,物理＋化学,575,103 113 128 231 
2024,630,3216,中国药科大学,01,物理＋化学(中外合办),602,107 129 132 234 
2024,631,3216,中国药科大学,02,物理＋化学,605,104 139 113 249 
2024,632,3217,南京航空航天大学,01,物理＋化学(中外合办),609,110 118 135 246 
2024,633,3217,南京航空航天大学,02,物理＋化学,626,107 115 134 270 
2024,634,3218,南京理工大学,01,物理＋化学(中外合办),606,114 120 120 252 
2024,635,3218,南京理工大学,02,历史,609,110 114 127 258 
2024,636,3218,南京理工大学,03,物理＋化学,627,100 129 137 261 
2024,637,3218,南京理工大学,04,思想政治＋历史,611,113 111 123 264 
2024,638,3219,苏州大学,01,不限,623,112 116 137 258 
2024,639,3219,苏州大学,02,物理＋化学,619,116 112 136 255 
2024,640,3219,苏州大学,03,思想政治＋历史＋地理,638,114 104 138 282 
2024,641,3220,江苏大学,01,不限,565,107 114 113 231 
2024,642,3220,江苏大学,02,物理＋化学,569,108 115 109 237 
2024,643,3221,南京信息工程大学,01,物理＋化学(中外合办),614,109 127 135 243 
2024,644,3221,南京信息工程大学,02,物理＋化学,622,115 131 121 255 
2024,645,3222,南京医科大学,01,不限,576,94 118 109 255 
2024,646,3222,南京医科大学,02,物理＋化学,542,87 103 133 219 
2024,647,3223,南京师范大学,01,不限,602,114 108 119 261 
2024,648,3223,南京师范大学,02,地理,620,122 99 117 282 
2024,649,3223,南京师范大学,03,物理＋化学,593,102 118 127 246 
2024,650,3224,西交利物浦大学,01,不限(中外合办),613,110 118 145 240 
2024,651,3224,西交利物浦大学,02,物理(中外合办),607,112 123 114 258 
2024,652,3224,西交利物浦大学,03,物理＋化学(中外合办),614,114 115 130 255 
2024,653,3230,江苏科技大学,01,不限,520,102 72 118 228 
2024,654,3230,江苏科技大学,02,物理＋化学,487,88 73 113 213 
2024,655,3230,江苏科技大学,03,物理＋化学,504,88 96 116 204 
2024,656,3231,南京工业大学,01,不限,538,114 84 97 243 
2024,657,3231,南京工业大学,02,物理＋化学,554,91 107 116 240 
2024,658,3233,南京邮电大学,01,物理＋化学,610,105 124 123 258 
2024,659,3234,南京林业大学,01,不限,585,108 98 124 255 
2024,660,3234,南京林业大学,02,物理,569,99 126 118 216 
2024,661,3234,南京林业大学,03,物理＋化学,556,99 114 106 237 
2024,662,3235,南通大学,01,物理＋化学,521,90 115 82 234 
2024,663,3237,南京中医药大学,01,不限,530,102 108 110 210 
2024,664,3237,南京中医药大学,02,物理＋化学,599,117 123 128 231 
2024,665,3238,南京财经大学,01,不限,544,98 94 103 249 
2024,666,3239,苏州科技大学,01,历史,524,104 72 129 219 
2024,667,3239,苏州科技大学,02,物理＋化学,497,80 112 101 204 
2024,668,3240,金陵科技学院,01,不限,486,104 81 100 201 
2024,669,3240,金陵科技学院,02,物理＋化学,479,82 107 101 189 
2024,670,3241,常州工学院,01,不限,484,79 93 108 204 
2024,671,3242,扬州大学,01,不限,582,101 108 133 240 
2024,672,3242,扬州大学,02,物理＋化学,555,96 115 119 225 
2024,673,3242,扬州大学,03,思想政治＋历史,577,116 115 106 240 
2024,674,3243,南京工程学院,01,物理＋化学,525,105 103 95 222 
2024,675,3244,南京审计大学,01,不限(中外合办),586,110 105 128 243 
2024,676,3244,南京审计大学,02,物理(中外合办),566,101 115 104 246 
2024,677,3244,南京审计大学,03,不限,566,111 99 116 240 
2024,678,3246,江苏海洋大学,01,不限,500,117 65 120 198 
2024,679,3247,盐城师范学院,01,不限,488,88 85 105 210 
2024,680,3248,徐州医科大学,01,物理＋化学,593,95 127 125 246 
2024,681,3249,南京晓庄学院,01,不限,493,94 98 103 198 
2024,682,3252,无锡太湖学院,01,不限,476,100 104 68 204 
2024,683,3255,南京航空航天大学金城学院,01,物理＋化学,434,    
2024,684,3266,南京审计大学金审学院,01,不限,484,89 94 88 213 
2024,685,3271,南通大学杏林学院,01,物理＋化学,474,96 85 92 201 
2024,686,3284,南京特殊教育师范学院,01,不限,507,101 56 116 234 
2024,687,3301,中国美术学院,01,不限,542,106 111 109 216 
2024,688,3310,浙江大学,01,不限,676,117 134 146 279 
2024,689,3310,浙江大学,02,物理＋化学,679,122 142 127 288 
2024,690,3311,温州医科大学,01,物理＋化学(中外合办),587,112 115 129 231 外语线:120
2024,691,3311,温州医科大学,02,物理＋化学,550,104 107 117 222 
2024,692,3312,宁波诺丁汉大学,01,不限(中外合办),610,117 119 134 240 外语线:115
2024,693,3312,宁波诺丁汉大学,02,思想政治(中外合办),611,111 109 130 261 外语线:115
2024,694,3312,宁波诺丁汉大学,03,物理＋化学(中外合办),605,113 117 126 249 外语线:115
2024,695,3313,浙江大学医学院,01,物理＋化学,662,114 138 128 282 
2024,696,3320,杭州电子科技大学,01,不限,559,104 110 105 240 
2024,697,3320,杭州电子科技大学,02,物理＋化学,606,116 108 127 255 
2024,698,3321,浙江工业大学,01,物理＋化学,576,105 104 127 240 
2024,699,3322,浙江理工大学,01,不限,542,102 105 107 228 
2024,700,3322,浙江理工大学,02,物理,532,110 83 114 225 
2024,701,3322,浙江理工大学,03,物理＋化学,549,97 118 115 219 
2024,702,3323,浙江师范大学,01,不限(中外合办),532,106 107 112 207 外语线:110
2024,703,3323,浙江师范大学,02,不限,539,98 93 111 237 
2024,704,3323,浙江师范大学,03,思想政治,568,99 110 128 231 
2024,705,3324,杭州师范大学,01,物理＋化学,530,92 108 111 219 
2024,706,3325,浙江工商大学,01,不限,555,105 101 115 234 
2024,707,3327,中国计量大学,01,物理＋化学,558,77 127 117 237 
2024,708,3328,浙江财经大学,01,不限,554,98 114 120 222 
2024,709,3328,浙江财经大学,02,物理＋化学,549,101 107 122 219 
2024,710,3329,宁波大学,01,不限,577,100 112 128 237 
2024,711,3329,宁波大学,02,不限,567,98 106 123 240 外语线:110
2024,712,3329,宁波大学,03,不限,567,116 80 128 243 外语线:115
2024,713,3330,浙江传媒学院,01,不限(中外合办),544,108 98 119 219 外语线:105
2024,714,3330,浙江传媒学院,02,不限,545,104 110 100 231 
2024,715,3330,浙江传媒学院,03,不限,562,92 98 129 243 
2024,716,3330,浙江传媒学院,04,物理＋化学,542,104 106 128 204 
2024,717,3330,浙江传媒学院,05,物理＋化学,434,    
2024,718,3331,浙江农林大学,01,不限,520,97 97 116 210 
2024,719,3333,湖州师范学院,01,不限,496,84 73 102 237 
2024,720,3334,温州肯恩大学,01,不限(中外合办),584,114 121 115 234 外语线:105
2024,721,3335,温州大学,01,不限,519,95 86 107 231 
2024,722,3401,合肥工业大学,01,不限(中外合办),594,107 119 101 267 
2024,723,3401,合肥工业大学,02,物理,599,107 130 110 252 
2024,724,3401,合肥工业大学,03,物理＋化学,591,93 111 123 264 
2024,725,3402,中国科学技术大学,01,物理＋化学,675,117 135 138 285 
2024,726,3403,安徽大学,01,不限,596,109 125 113 249 
2024,727,3403,安徽大学,02,物理＋化学,603,101 124 135 243 
2024,728,3410,安徽工业大学,01,不限,503,105 89 105 204 
2024,729,3411,安徽理工大学,01,物理＋化学,491,90 83 99 219 
2024,730,3412,安徽农业大学,01,不限,511,108 80 104 219 
2024,731,3412,安徽农业大学,02,物理＋化学,507,103 106 103 195 
2024,732,3413,安徽医科大学,01,不限,563,104 115 116 228 
2024,733,3413,安徽医科大学,02,物理＋化学,554,108 120 101 225 
2024,734,3415,安徽师范大学,01,不限,530,114 103 97 216 
2024,735,3417,安徽财经大学,01,不限,526,102 85 114 225 
2024,736,3418,安徽建筑大学,01,不限,495,103 87 86 219 
2024,737,3418,安徽建筑大学,02,物理,476,97 84 91 204 
2024,738,3418,安徽建筑大学,03,物理＋地理,508,101 90 89 228 
2024,739,3419,安徽中医药大学,01,化学,525,111 82 113 219 
2024,740,3419,安徽中医药大学,02,物理＋化学,556,103 108 105 240 
2024,741,3501,厦门大学,01,不限,644,116 118 137 273 
2024,742,3501,厦门大学,02,物理,649,116 136 130 267 
2024,743,3501,厦门大学,03,物理＋化学,645,108 124 140 273 
2024,744,3501,厦门大学,04,物理＋化学,609,107 120 133 249 外语线:120
2024,745,3502,福州大学,01,物理＋化学,598,108 105 136 249 
2024,746,3510,华侨大学,01,不限,538,104 100 106 228 
2024,747,3510,华侨大学,02,物理＋化学,562,103 115 119 225 
2024,748,3511,福建理工大学,01,物理＋化学,503,90 95 105 213 
2024,749,3512,福建农林大学,01,物理＋化学,523,93 113 104 213 
2024,750,3513,集美大学,01,不限,529,100 109 116 204 
2024,751,3514,福建医科大学,01,物理＋化学＋生物,497,89 106 113 189 
2024,752,3516,厦门理工学院,01,物理＋化学,513,96 94 116 207 
2024,753,3518,泉州师范学院,01,物理＋化学,462,81 90 108 183 
2024,754,3520,福建中医药大学,01,物理＋生物,542,110 96 147 189 
2024,755,3530,厦门大学嘉庚学院,01,不限,483,89 86 89 219 
2024,756,3531,集美大学诚毅学院,01,不限,478,90 90 106 192 
2024,757,3605,南昌大学,01,物理＋化学(中外合办),592,110 131 114 237 
2024,758,3605,南昌大学,02,不限,589,107 124 106 252 
2024,759,3605,南昌大学,03,物理＋化学,576,89 120 118 249 
2024,760,3610,华东交通大学,01,物理＋化学,495,102 95 73 225 
2024,761,3611,东华理工大学,01,不限,492,81 107 97 207 
2024,762,3612,南昌航空大学,01,不限,503,92 98 103 210 
2024,763,3612,南昌航空大学,02,物理＋化学,511,91 103 107 210 
2024,764,3613,江西理工大学,01,不限,512,96 102 86 228 
2024,765,3613,江西理工大学,02,物理,505,90 93 94 228 
2024,766,3613,江西理工大学,03,物理＋化学,491,93 97 103 198 
2024,767,3614,江西农业大学,01,不限,493,108 81 79 225 
2024,768,3614,江西农业大学,02,物理＋化学,486,74 105 100 207 
2024,769,3615,江西中医药大学,01,物理＋生物,527,99 109 109 210 
2024,770,3616,江西师范大学,01,不限,568,102 103 120 243 
2024,771,3616,江西师范大学,02,物理＋化学,531,91 106 112 222 
2024,772,3617,上饶师范学院,01,不限,476,93 84 101 198 
2024,773,3620,井冈山大学,01,不限,485,98 99 93 195 
2024,774,3620,井冈山大学,02,物理＋化学,478,103 101 88 186 
2024,775,3621,江西财经大学,01,物理(中外合办),553,100 121 125 207 
2024,776,3621,江西财经大学,02,物理＋化学(中外合办),544,107 112 112 213 
2024,777,3621,江西财经大学,03,不限,563,107 107 106 243 
2024,778,3621,江西财经大学,04,物理＋化学,547,108 107 128 204 
2024,779,3623,南昌工程学院,01,不限,487,74 93 113 207 
2024,780,3623,南昌工程学院,02,物理＋化学,485,96 97 118 174 
2024,781,3624,九江学院,01,不限,484,93 91 93 207 
2024,782,3624,九江学院,02,物理,479,89 88 77 225 
2024,783,3630,南昌理工学院,01,不限,466,102 79 63 222 
2024,784,3630,南昌理工学院,02,物理＋化学,434,    
2024,785,3633,南昌交通学院,01,不限,469,82 97 92 198 
2024,786,3633,南昌交通学院,02,物理＋化学,448,83 99 95 171 
2024,787,3634,赣东学院,01,不限,484,100 95 70 219 
2024,788,3635,南昌航空大学科技学院,01,物理＋化学,438,88 92 60 198 
2024,789,3636,赣南科技学院,01,不限,480,89 73 114 204 
2024,790,3638,南昌医学院,01,物理＋化学,532,103 94 125 210 
2024,791,3638,南昌医学院,02,物理＋化学,526,89 114 101 222 
2024,792,3638,南昌医学院,03,物理＋生物,524,105 98 120 201 
2024,793,3639,江西财经大学现代经济管理学院,01,不限,480,95 87 97 201 
2024,794,3640,江西农业大学南昌商学院,01,不限,477,87 71 103 216 
2024,795,3640,江西农业大学南昌商学院,02,物理,458,78 113 81 186 
2024,796,3650,江西科技学院,01,不限,455,99 61 76 219 
2024,797,3650,江西科技学院,02,物理＋化学,434,    
2024,798,3665,南昌工学院,01,物理＋化学,434,    
2024,799,3701,山东艺术学院,01,不限,515,105 98 108 204 
2024,800,3710,山东大学,01,不限,637,116 121 139 261 
2024,801,3710,山东大学,02,物理＋化学,638,108 133 130 267 
2024,802,3711,中国海洋大学,01,不限(中外合办),624,121 110 138 255 
2024,803,3711,中国海洋大学,02,物理＋化学(中外合办),616,114 118 141 243 
2024,804,3711,中国海洋大学,03,物理＋化学(中外合办),621,101 126 133 261 
2024,805,3711,中国海洋大学,04,物理＋化学(中外合办),623,108 123 140 252 
2024,806,3711,中国海洋大学,05,物理＋化学(中外合办),618,118 123 140 237 
2024,807,3711,中国海洋大学,06,不限,623,109 128 134 252 
2024,808,3711,中国海洋大学,07,物理＋化学,623,114 129 134 246 
2024,809,3712,中国石油大学(华东),01,不限,603,108 121 131 243 
2024,810,3712,中国石油大学(华东),02,物理＋化学,581,101 109 119 252 
2024,811,3713,山东大学威海分校,01,不限,631,107 129 140 255 
2024,812,3713,山东大学威海分校,02,物理＋化学,636,120 128 136 252 
2024,813,3714,哈尔滨工业大学(威海),01,物理＋化学,649,114 132 145 258 
2024,814,3720,山东科技大学,01,物理,539,101 98 127 213 
2024,815,3720,山东科技大学,02,物理＋化学,562,101 123 116 222 
2024,816,3721,青岛科技大学,01,不限,531,89 105 121 216 
2024,817,3721,青岛科技大学,02,物理＋化学,526,90 102 97 237 
2024,818,3722,济南大学,01,不限,524,104 94 110 216 
2024,819,3722,济南大学,02,物理＋化学,571,102 133 120 216 
2024,820,3723,青岛理工大学,01,物理,524,106 106 105 207 
2024,821,3723,青岛理工大学,02,物理＋化学,514,101 107 108 198 
2024,822,3724,山东建筑大学,01,不限,515,95 82 101 237 
2024,823,3724,山东建筑大学,02,物理＋化学,508,86 103 103 216 
2024,824,3725,山东农业大学,01,物理＋化学,551,99 125 111 216 
2024,825,3726,青岛农业大学,01,物理＋化学,470,82 98 104 186 
2024,826,3727,山东第一医科大学,01,物理＋化学,553,106 114 93 240 
2024,827,3728,滨州医学院,01,物理＋化学,573,92 114 127 240 
2024,828,3729,山东中医药大学,01,物理＋化学,552,106 118 109 219 
2024,829,3730,济宁医学院,01,物理＋化学,540,100 104 117 219 
2024,830,3731,山东师范大学,01,不限,565,86 110 123 246 
2024,831,3731,山东师范大学,02,物理＋化学,552,95 109 117 231 
2024,832,3733,山东航空学院,01,不限,487,93 80 89 225 
2024,833,3733,山东航空学院,02,物理＋化学,498,97 94 100 207 
2024,834,3734,鲁东大学,01,不限,489,103 83 102 201 
2024,835,3736,山东财经大学,01,不限,552,107 109 120 216 
2024,836,3737,青岛大学,01,物理,539,102 104 111 222 
2024,837,3737,青岛大学,02,物理＋化学,590,114 114 125 237 
2024,838,3738,烟台大学,01,不限,537,104 98 98 237 
2024,839,3740,山东交通学院,01,不限,491,87 80 123 201 
2024,840,3740,山东交通学院,02,物理＋化学,472,83 95 87 207 
2024,841,3743,山东第二医科大学,01,物理＋化学,560,99 122 108 231 
2024,842,3745,山东理工大学,01,物理＋化学,517,110 110 93 204 
2024,843,3746,齐鲁工业大学,01,物理＋化学,447,88 95 63 201 
2024,844,3750,山东石油化工学院,01,不限,482,89 79 80 234 
2024,845,3750,山东石油化工学院,02,物理＋化学,474,105 81 99 189 
2024,846,3753,青岛农业大学海都学院,01,不限,468,87 92 94 195 
2024,847,3778,齐鲁医药学院,01,化学,498,101 87 94 216 
2024,848,3778,齐鲁医药学院,02,物理＋化学,473,93 82 100 198 
2024,849,4105,郑州大学,01,不限,598,101 118 127 252 
2024,850,4105,郑州大学,02,物理＋化学,595,108 130 123 234 
2024,851,4110,华北水利水电大学,01,不限,508,93 94 90 231 
2024,852,4110,华北水利水电大学,02,物理,519,102 101 100 216 
2024,853,4110,华北水利水电大学,03,物理＋化学,497,108 116 60 213 
2024,854,4111,河南理工大学,01,不限,502,95 105 92 210 
2024,855,4111,河南理工大学,02,物理＋化学,495,97 120 80 198 
2024,856,4112,郑州轻工业大学,01,不限,487,113 70 82 222 
2024,857,4112,郑州轻工业大学,02,物理＋化学,482,89 98 103 192 
2024,858,4113,河南工业大学,01,物理＋化学(中外合办),434,    
2024,859,4114,河南科技大学,01,不限,513,108 87 99 219 
2024,860,4114,河南科技大学,02,物理＋化学,543,106 116 102 219 
2024,861,4115,中原工学院,01,物理＋化学(中外合办),435,73 63 104 195 
2024,862,4116,河南农业大学,01,不限,507,100 101 99 207 
2024,863,4116,河南农业大学,02,物理＋化学,506,101 98 106 201 
2024,864,4116,河南农业大学,03,物理＋化学,501,91 114 104 192 
2024,865,4117,河南中医药大学,01,物理＋化学,547,93 102 118 234 
2024,866,4118,河南大学,01,不限,569,100 114 103 252 
2024,867,4118,河南大学,02,历史,572,107 116 100 249 
2024,868,4118,河南大学,03,地理,581,107 111 126 237 
2024,869,4118,河南大学,04,物理＋化学,576,96 126 120 234 
2024,870,4121,郑州航空工业管理学院,01,物理,481,89 97 103 192 
2024,871,4123,河南财经政法大学,01,不限,518,105 85 106 222 
2024,872,4123,河南财经政法大学,02,物理＋化学,514,86 101 102 225 
2024,873,4128,河南师范大学,01,不限,544,103 93 108 240 
2024,874,4128,河南师范大学,02,物理＋化学,498,91 111 71 225 
2024,875,4129,南阳师范学院,01,不限,484,83 84 98 219 
2024,876,4129,南阳师范学院,02,物理,476,83 95 115 183 
2024,877,4133,郑州工商学院,01,不限,475,102 88 96 189 
2024,878,4134,河南城建学院,01,不限,478,99 80 68 231 
2024,879,4134,河南城建学院,02,物理＋化学,435,100 80 99 156 
2024,880,4135,平顶山学院,01,不限,481,93 87 91 210 
2024,881,4135,平顶山学院,02,物理＋化学,453,88 76 88 201 
2024,882,4140,新乡医学院,01,物理＋化学,526,105 96 112 213 
2024,883,4142,郑州工程技术学院,01,不限,481,88 93 90 210 
2024,884,4142,郑州工程技术学院,02,物理＋化学,434,    
2024,885,4144,洛阳理工学院,01,不限,503,108 88 100 207 
2024,886,4144,洛阳理工学院,02,物理＋化学,434,    
2024,887,4149,郑州财经学院,01,不限,471,92 79 90 210 
2024,888,4149,郑州财经学院,02,物理,469,85 99 99 186 
2024,889,4149,郑州财经学院,03,物理＋化学,434,    
2024,890,4201,武汉体育学院,01,不限,486,94 84 71 237 
2024,891,4201,武汉体育学院,02,物理,493,89 110 87 207 
2024,892,4201,武汉体育学院,03,物理＋化学,495,87 90 105 213 
2024,893,4210,武汉大学,01,物理＋化学(中外合办),629,109 119 131 270 
2024,894,4210,武汉大学,02,不限,661,112 131 136 282 
2024,895,4210,武汉大学,03,物理＋化学,657,120 139 140 258 
2024,896,4211,华中科技大学,01,物理＋化学(中外合办),636,117 121 146 252 
2024,897,4211,华中科技大学,02,历史,640,125 115 124 276 
2024,898,4211,华中科技大学,03,物理＋化学,654,123 128 139 264 
2024,899,4211,华中科技大学,04,物理＋化学,652,108 130 132 282 
2024,900,4212,中国地质大学(武汉),01,物理＋化学(中外合办),572,99 111 125 237 
2024,901,4212,中国地质大学(武汉),02,不限,597,109 114 128 246 
2024,902,4212,中国地质大学(武汉),03,物理＋化学,576,109 114 119 234 
2024,903,4213,武汉理工大学,01,不限(中外合办),599,106 128 119 246 
2024,904,4213,武汉理工大学,02,物理＋化学(中外合办),596,104 118 137 237 
2024,905,4213,武汉理工大学,03,不限,606,108 124 125 249 
2024,906,4213,武汉理工大学,04,物理＋化学,604,106 129 111 258 
2024,907,4214,华中农业大学,01,不限,589,111 110 119 249 
2024,908,4214,华中农业大学,02,物理,584,106 110 113 255 
2024,909,4214,华中农业大学,03,物理＋化学,577,103 114 117 243 
2024,910,4214,华中农业大学,04,物理＋生物,594,101 116 122 255 
2024,911,4215,华中师范大学,01,不限,610,107 123 131 249 
2024,912,4215,华中师范大学,02,物理,615,120 112 128 255 
2024,913,4215,华中师范大学,03,物理＋化学,599,107 123 126 243 
2024,914,4216,中南财经政法大学,01,不限,618,115 111 140 252 
2024,915,4216,中南财经政法大学,02,物理,619,111 135 121 252 
2024,916,4220,中南民族大学,01,不限,520,89 98 114 219 
2024,917,4220,中南民族大学,02,物理＋化学,503,103 113 107 180 
2024,918,4221,武汉科技大学,01,物理＋化学,568,107 120 122 219 
2024,919,4222,长江大学,01,不限,517,104 81 110 222 外语线:100
2024,920,4222,长江大学,02,物理＋化学,547,108 109 105 225 
2024,921,4223,武汉工程大学,01,物理＋化学,527,108 112 106 201 
2024,922,4225,武汉轻工大学,01,物理＋化学,508,92 106 103 207 
2024,923,4228,湖北汽车工业学院,01,物理＋化学,473,87 93 98 195 
2024,924,4229,湖北工程学院,01,物理＋化学,464,92 104 85 183 
2024,925,4232,湖北医药学院,01,物理＋化学,512,100 90 121 201 
2024,926,4233,三峡大学,01,物理＋化学(中外合办),557,100 112 111 234 
2024,927,4233,三峡大学,02,不限,516,96 99 99 222 
2024,928,4233,三峡大学,03,物理＋化学,567,99 122 115 231 
2024,929,4234,湖北经济学院,01,不限,497,88 100 96 213 
2024,930,4241,湖北大学,01,不限,526,108 97 105 216 
2024,931,4252,武昌理工学院,01,物理＋化学,434,    
2024,932,4256,湖北医药学院药护学院,01,物理＋化学,461,95 87 99 180 
2024,933,4257,文华学院,01,物理＋化学,434,    
2024,934,4259,武汉华夏理工学院,01,不限,461,97 90 91 183 
2024,935,4259,武汉华夏理工学院,02,物理＋化学,434,    
2024,936,4260,武汉城市学院,01,不限,462,78 109 62 213 
2024,937,4260,武汉城市学院,02,化学,469,91 92 97 189 
2024,938,4261,三峡大学科技学院,01,物理＋化学,459,86 88 93 192 
2024,939,4310,湖南大学,01,不限,624,    
2024,940,4310,湖南大学,02,物理,628,106 131 121 270 
2024,941,4310,湖南大学,03,历史,625,117 114 139 255 
2024,942,4310,湖南大学,04,物理＋化学,631,102 138 130 261 
2024,943,4311,中南大学,01,物理＋化学(中外合办),635,101 139 131 264 
2024,944,4311,中南大学,02,不限,631,121 134 121 255 
2024,945,4311,中南大学,03,物理＋化学,633,115 115 136 267 
2024,946,4311,中南大学,04,物理＋化学＋生物,631,122 124 133 252 
2024,947,4312,湖南师范大学,01,不限,587,110 99 126 252 
2024,948,4312,湖南师范大学,02,思想政治,589,115 88 128 258 
2024,949,4312,湖南师范大学,03,历史,596,114 118 121 243 
2024,950,4312,湖南师范大学,04,地理,592,109 105 135 243 
2024,951,4312,湖南师范大学,05,物理＋化学,572,98 113 127 234 
2024,952,4315,湘潭大学,01,不限,573,108 115 113 237 
2024,953,4315,湘潭大学,02,物理＋化学,576,105 128 124 219 
2024,954,4316,湖南科技大学,01,不限,517,104 94 103 216 
2024,955,4316,湖南科技大学,02,物理,527,98 124 86 219 
2024,956,4316,湖南科技大学,03,物理＋化学,506,97 99 103 207 
2024,957,4317,长沙理工大学,01,物理＋化学(中外合办),580,103 108 129 240 
2024,958,4317,长沙理工大学,02,不限,551,107 108 96 240 
2024,959,4317,长沙理工大学,03,物理＋化学,568,77 130 85 276 
2024,960,4318,湖南农业大学,01,不限,514,100 94 104 216 
2024,961,4318,湖南农业大学,02,物理＋化学,511,104 86 114 207 
2024,962,4319,中南林业科技大学,01,不限,516,106 87 107 216 
2024,963,4319,中南林业科技大学,02,物理,513,116 94 93 210 
2024,964,4319,中南林业科技大学,03,物理＋化学,489,89 110 104 186 
2024,965,4320,湖南中医药大学,01,物理＋化学,565,105 103 141 216 
2024,966,4321,湖南理工学院,01,不限,476,101 101 85 189 
2024,967,4321,湖南理工学院,02,物理,472,91 84 78 219 
2024,968,4322,衡阳师范学院,01,不限,482,100 91 75 216 
2024,969,4322,衡阳师范学院,02,地理,487,109 83 97 198 
2024,970,4323,湖南文理学院,01,不限,481,107 79 82 213 
2024,971,4324,湖南科技学院,01,不限,479,87 91 79 222 
2024,972,4325,南华大学,01,不限,519,96 87 117 219 
2024,973,4325,南华大学,02,物理＋化学,536,103 104 116 213 
2024,974,4326,长沙学院,01,不限,487,90 87 100 210 
2024,975,4326,长沙学院,02,物理＋化学,478,96 89 86 207 
2024,976,4327,湖南工程学院,01,不限,479,91 75 109 204 
2024,977,4327,湖南工程学院,02,物理,484,83 97 106 198 
2024,978,4328,湖南工业大学,01,不限,506,99 92 93 222 
2024,979,4328,湖南工业大学,02,物理＋化学,500,93 113 102 192 
2024,980,4329,湖南工商大学,01,不限,519,96 97 119 207 
2024,981,4330,湖南城市学院,01,不限,480,88 83 72 237 
2024,982,4331,湖南人文科技学院,01,不限,482,88 103 78 213 
2024,983,4332,湘南学院,01,物理＋化学,506,112 100 111 183 
2024,984,4334,湖南第一师范学院,01,物理＋化学,475,94 81 108 192 
2024,985,4340,长沙医学院,01,物理＋化学,470,94 100 96 180 
2024,986,4348,湖南文理学院芙蓉学院,01,不限,478,99 69 118 192 
2024,987,4353,湖南工学院,01,物理＋化学,456,71 100 72 213 
2024,988,4354,湖南财政经济学院,01,不限,497,102 98 78 219 
2024,989,4401,广州体育学院,01,不限,487,104 72 95 216 
2024,990,4404,香港城市大学(东莞),01,物理＋化学(中外合办),625,104 118 130 273 
2024,991,4410,中山大学,01,不限,653,121 116 143 273 
2024,992,4410,中山大学,02,思想政治,649,122 112 142 273 
2024,993,4410,中山大学,03,物理＋化学,644,113 130 134 267 
2024,994,4411,华南理工大学,01,不限,626,117 119 147 243 
2024,995,4411,华南理工大学,02,物理,638,120 116 132 270 
2024,996,4411,华南理工大学,03,物理＋化学,636,116 138 142 240 
2024,997,4412,暨南大学,01,不限,605,107 121 125 252 
2024,998,4412,暨南大学,02,物理＋化学,610,113 123 128 246 
2024,999,4413,华南农业大学,01,物理＋化学,568,104 127 91 246 
2024,1000,4414,广州中医药大学,01,不限,540,113 90 112 225 
2024,1001,4414,广州中医药大学,02,物理＋化学,573,107 108 121 237 
2024,1002,4415,广东外语外贸大学,01,不限,525,90 90 126 219 
2024,1003,4415,广东外语外贸大学,02,物理,576,108 116 103 249 
2024,1004,4416,南方医科大学,01,化学,525,96 94 119 216 
2024,1005,4416,南方医科大学,02,物理＋化学,565,111 111 136 207 
2024,1006,4418,广东以色列理工学院,01,物理＋化学(中外合办),586,105 108 139 234 外语线:105
2024,1007,4419,北京师范大学(珠海校区),01,不限,639,111 120 138 270 
2024,1008,4419,北京师范大学(珠海校区),02,物理＋化学,635,    
2024,1009,4420,汕头大学,01,不限,526,97 100 101 228 
2024,1010,4421,广东海洋大学,01,不限,508,104 93 98 213 
2024,1011,4421,广东海洋大学,02,物理＋化学,493,95 94 109 195 
2024,1012,4421,广东海洋大学,03,物理＋化学＋生物,469,94 97 62 216 
2024,1013,4422,华南师范大学,01,不限,590,112 97 123 258 
2024,1014,4425,深圳大学,01,不限,604,112 103 128 261 
2024,1015,4425,深圳大学,02,物理,626,117 120 134 255 
2024,1016,4425,深圳大学,03,物理＋化学,605,113 114 123 255 
2024,1017,4428,广东金融学院,01,不限,505,99 104 89 213 
2024,1018,4430,广东工业大学,01,不限,539,97 109 90 243 
2024,1019,4430,广东工业大学,02,物理＋化学,550,100 113 112 225 
2024,1020,4432,北京师范大学-香港浸会大学联合国际学院,01,不限(中外合办),588,107 106 126 249 
2024,1021,4432,北京师范大学-香港浸会大学联合国际学院,02,物理(中外合办),587,109 122 110 246 
2024,1022,4432,北京师范大学-香港浸会大学联合国际学院,03,物理＋化学(中外合办),589,107 117 131 234 
2024,1023,4433,东莞理工学院,01,物理＋化学,512,92 106 101 213 
2024,1024,4436,广东药科大学,01,物理＋化学,496,120 87 115 174 
2024,1025,4440,珠海科技学院,01,不限,471,88 84 98 201 
2024,1026,4440,珠海科技学院,02,物理＋化学,457,89 95 96 177 
2024,1027,4442,广东医科大学,01,物理＋化学,563,96 109 129 219 
2024,1028,4443,岭南师范学院,01,不限,473,99 79 115 180 
2024,1029,4443,岭南师范学院,02,历史,480,91 94 94 201 
2024,1030,4444,华南农业大学珠江学院,01,不限,434,    
2024,1031,4515,桂林电子科技大学,01,不限,506,89 97 101 219 
2024,1032,4515,桂林电子科技大学,02,物理＋化学,542,92 109 116 225 
2024,1033,4516,桂林理工大学,01,不限,491,83 97 77 234 
2024,1034,4516,桂林理工大学,02,物理＋化学,497,80 103 92 222 
2024,1035,4517,广西师范大学,01,思想政治,539,110 96 105 228 
2024,1036,4517,广西师范大学,02,历史,548,113 92 100 243 
2024,1037,4517,广西师范大学,03,物理＋化学,484,87 110 80 207 
2024,1038,4520,南宁师范大学,01,思想政治＋历史,520,98 82 109 231 
2024,1039,4520,南宁师范大学,02,历史＋地理,490,98 75 86 231 
2024,1040,4541,桂林航天工业学院,01,不限,483,100 88 100 195 
2024,1041,4541,桂林航天工业学院,02,物理＋化学,460,82 92 97 189 
2024,1042,4611,海南大学,01,物理＋化学,567,98 115 108 246 
2024,1043,4612,海南师范大学,01,不限,509,95 84 96 234 
2024,1044,4613,海南医科大学,01,物理＋化学,514,100 93 108 213 
2024,1045,4620,三亚学院,01,不限,467,96 87 104 180 
2024,1046,4620,三亚学院,02,物理,466,91 67 98 210 
2024,1047,4638,海南比勒费尔德应用科学大学,01,物理＋化学,434,    外语线:105
2024,1048,5001,四川美术学院,01,不限,492,112 58 100 222 
2024,1049,5001,四川美术学院,02,物理＋化学,540,88 113 111 228 
2024,1050,5010,重庆大学,01,不限,631,116 112 130 273 
2024,1051,5010,重庆大学,03,历史,629,113 104 133 279 
2024,1052,5010,重庆大学,04,物理＋化学,632,110 139 128 255 
2024,1053,5010,重庆大学,05,物理＋化学(中外合办),626,114 119 138 255 
2024,1054,5011,西南大学,01,不限,602,98 121 131 252 
2024,1055,5011,西南大学,02,生物,599,107 121 116 255 
2024,1056,5011,西南大学,03,历史,619,107 115 136 261 
2024,1057,5011,西南大学,04,物理＋化学,578,113 107 130 228 
2024,1058,5012,西南政法大学,01,不限,624,120 124 134 246 
2024,1059,5020,重庆邮电大学,01,物理＋化学,590,116 119 124 231 
2024,1060,5021,重庆交通大学,01,不限,524,94 87 121 222 
2024,1061,5021,重庆交通大学,02,物理＋化学,497,93 98 99 207 
2024,1062,5022,重庆医科大学,01,物理＋化学(中外合办),591,104 122 128 237 外语线:120
2024,1063,5022,重庆医科大学,02,物理＋化学,593,100 105 133 255 
2024,1064,5022,重庆医科大学,03,物理＋化学,545,107 97 119 222 
2024,1065,5023,重庆师范大学,01,不限,570,115 94 124 237 
2024,1066,5023,重庆师范大学,02,物理,494,92 101 91 210 
2024,1067,5023,重庆师范大学,03,物理＋化学,526,81 112 111 222 
2024,1068,5026,四川外国语大学,01,不限,520,105 100 96 219 
2024,1069,5027,重庆科技大学,01,物理＋化学,517,99 109 105 204 
2024,1070,5028,重庆理工大学,01,不限,516,94 108 119 195 
2024,1071,5029,重庆工商大学,01,不限,525,94 118 115 198 
2024,1072,5040,重庆城市科技学院,01,不限,460,84 72 100 204 
2024,1073,5040,重庆城市科技学院,02,物理,461,92 97 83 189 
2024,1074,5040,重庆城市科技学院,03,物理＋化学,434,    
2024,1075,5042,重庆外语外事学院,01,不限,452,86 64 98 204 
2024,1076,5103,四川传媒学院,01,物理＋化学,434,    
2024,1077,5105,四川电影电视学院,01,不限,490,95 100 91 204 
2024,1078,5110,四川大学,01,物理(中外合办),626,114 125 135 252 
2024,1079,5110,四川大学,02,物理＋化学(中外合办),631,116 134 135 246 
2024,1080,5110,四川大学,03,不限,631,120 112 129 270 
2024,1081,5110,四川大学,04,不限,615,123 110 124 258 
2024,1082,5110,四川大学,05,不限,626,113 124 125 264 
2024,1083,5110,四川大学,06,思想政治,631,114 121 132 264 
2024,1084,5110,四川大学,07,物理＋化学,637,109 140 139 249 
2024,1085,5110,四川大学,08,物理＋化学,652,117 138 139 258 
2024,1086,5111,西南交通大学,01,物理＋化学(中外合办),584,110 113 127 234 
2024,1087,5111,西南交通大学,02,物理＋化学(中外合办),573,114 101 127 231 
2024,1088,5111,西南交通大学,03,物理＋化学,616,108 127 126 255 
2024,1089,5112,电子科技大学,01,物理＋化学,650,121 130 135 264 
2024,1090,5113,西南财经大学,01,不限(中外合办),613,113 121 127 252 
2024,1091,5113,西南财经大学,02,物理(中外合办),608,114 115 142 237 
2024,1092,5113,西南财经大学,03,不限,622,114 118 129 261 
2024,1093,5113,西南财经大学,04,物理,621,106 119 141 255 
2024,1094,5113,西南财经大学,05,物理＋化学,624,105 138 129 252 
2024,1095,5114,成都中医药大学,01,物理＋化学,601,110 122 135 234 
2024,1096,5115,电子科技大学(沙河校区),01,物理＋化学(中外合办),648,115 123 137 273 
2024,1097,5115,电子科技大学(沙河校区),02,物理＋化学(中外合办),637,112 125 139 261 
2024,1098,5115,电子科技大学(沙河校区),03,物理＋化学,649,117 127 141 264 
2024,1099,5116,四川农业大学,01,物理＋化学,572,103 119 116 234 
2024,1100,5120,西南民族大学,01,不限,526,98 96 116 216 
2024,1101,5120,西南民族大学,02,物理＋化学,495,95 89 107 204 
2024,1102,5121,中国民用航空飞行学院,01,不限,484,85 96 87 216 
2024,1103,5121,中国民用航空飞行学院,02,物理,521,108 90 101 222 
2024,1104,5121,中国民用航空飞行学院,03,物理＋化学,502,100 100 104 198 
2024,1105,5122,西南石油大学,01,物理＋化学,572,108 97 136 231 
2024,1106,5123,成都理工大学,01,不限,578,107 112 107 252 
2024,1107,5123,成都理工大学,02,物理＋化学,588,102 115 134 237 
2024,1108,5124,西南科技大学,01,不限,498,89 101 98 210 
2024,1109,5124,西南科技大学,02,物理＋化学,492,88 111 74 219 
2024,1110,5125,成都信息工程大学,01,不限,520,103 83 97 237 
2024,1111,5125,成都信息工程大学,02,物理＋化学,535,106 97 110 222 
2024,1112,5126,西南医科大学,01,物理＋化学,566,101 118 122 225 
2024,1113,5127,四川师范大学,01,不限,525,110 88 120 207 外语线:120
2024,1114,5127,四川师范大学,02,物理＋化学,553,96 108 121 228 
2024,1115,5127,四川师范大学,03,思想政治＋历史,558,101 112 102 243 
2024,1116,5128,西华师范大学,01,不限,487,83 77 93 234 
2024,1117,5131,成都大学,01,不限,532,103 107 88 234 
2024,1118,5131,成都大学,02,思想政治,530,106 84 115 225 
2024,1119,5131,成都大学,03,物理＋化学,533,101 116 112 204 
2024,1120,5132,攀枝花学院,01,不限,476,80 97 101 198 
2024,1121,5132,攀枝花学院,02,物理＋化学,504,90 109 101 204 
2024,1122,5133,西华大学,01,不限,517,102 95 107 213 
2024,1123,5139,吉利学院,01,不限,437,88 104 59 186 
2024,1124,5139,吉利学院,02,物理,441,71 83 86 201 
2024,1125,5139,吉利学院,03,物理＋化学,434,    
2024,1126,5140,电子科技大学成都学院,01,不限,477,94 73 118 192 
2024,1127,5140,电子科技大学成都学院,02,物理＋化学,434,    
2024,1128,5145,四川大学锦江学院,01,不限,476,97 103 99 177 
2024,1129,5146,西南财经大学天府学院,01,不限,469,100 85 104 180 
2024,1130,5152,成都东软学院,01,不限,453,93 86 91 183 
2024,1131,5152,成都东软学院,02,物理＋化学,436,78 93 91 174 
2024,1132,5165,四川轻化工大学,01,不限,483,94 83 90 216 
2024,1133,5201,贵州大学,01,不限,577,117 95 110 255 
2024,1134,5201,贵州大学,02,物理＋化学,585,112 118 124 231 
2024,1135,5204,贵州财经大学,01,物理(中外合办),486,92 93 94 207 外语线:90
2024,1136,5305,云南大学,01,物理,579,116 114 106 243 
2024,1137,5305,云南大学,02,思想政治,601,120 100 129 252 
2024,1138,5305,云南大学,03,物理＋化学,600,100 131 114 255 
2024,1139,5305,云南大学,04,思想政治＋历史,596,121 105 136 234 
2024,1140,5310,昆明理工大学,01,物理＋化学,501,92 107 83 219 
2024,1141,5311,云南农业大学,01,物理＋化学,493,81 90 97 225 
2024,1142,5312,西南林业大学,01,不限,494,98 85 92 219 
2024,1143,5313,云南师范大学,01,思想政治＋历史,525,108 78 111 228 
2024,1144,5314,大理大学,01,物理＋化学,504,102 116 91 195 
2024,1145,5315,云南财经大学,01,不限,512,98 79 95 240 
2024,1146,5316,昆明医科大学,01,物理＋化学,577,120 116 104 237 
2024,1147,5320,丽江文化旅游学院,01,不限,449,103 75 82 189 
2024,1148,5322,昆明医科大学海源学院,01,物理＋化学,480,103 78 122 177 
2024,1149,5324,昆明理工大学津桥学院,01,不限,465,81 76 98 210 
2024,1150,5324,昆明理工大学津桥学院,02,物理＋化学,434,    
2024,1151,6101,西安体育学院,01,不限,486,100 97 97 192 
2024,1152,6110,西安交通大学,01,物理＋化学(中外合办),625,117 120 136 252 
2024,1153,6110,西安交通大学,02,不限,651,116 121 144 270 
2024,1154,6110,西安交通大学,03,物理,653,114 134 138 267 
2024,1155,6110,西安交通大学,04,历史,647,125 129 138 255 
2024,1156,6110,西安交通大学,05,物理＋化学,657,    
2024,1157,6111,西安电子科技大学,01,历史,604,102 109 135 258 
2024,1158,6111,西安电子科技大学,02,物理＋化学,640,109 135 120 276 
2024,1159,6112,长安大学,01,不限,590,110 123 123 234 
2024,1160,6112,长安大学,02,物理,586,105 110 128 243 
2024,1161,6112,长安大学,03,物理＋化学,581,104 121 116 240 
2024,1162,6113,西北农林科技大学,01,物理＋化学(中外合办),596,107 127 122 240 
2024,1163,6113,西北农林科技大学,02,不限,606,107 125 125 249 
2024,1164,6113,西北农林科技大学,03,物理,612,121 109 139 243 
2024,1165,6113,西北农林科技大学,04,物理＋化学,604,98 124 130 252 
2024,1166,6113,西北农林科技大学,05,物理＋化学＋生物,610,105 121 114 270 
2024,1167,6114,陕西师范大学,01,不限,598,113 123 116 246 
2024,1168,6114,陕西师范大学,02,历史,619,117 100 129 273 
2024,1169,6114,陕西师范大学,03,物理＋化学,607,101 128 120 258 
2024,1170,6114,陕西师范大学,04,物理＋生物,584,105 119 132 228 
2024,1171,6115,西北工业大学,01,物理＋化学(中外合办),631,113 122 138 258 
2024,1172,6115,西北工业大学,02,物理＋化学,649,117 135 139 258 
2024,1173,6116,西北大学,01,物理,613,98 123 134 258 
2024,1174,6116,西北大学,02,历史,644,112 129 139 264 
2024,1175,6117,西安建筑科技大学,01,物理＋化学(中外合办),554,95 115 113 231 
2024,1176,6117,西安建筑科技大学,02,不限,573,104 108 127 234 
2024,1177,6118,陕西科技大学,01,物理＋化学,527,97 106 105 219 
2024,1178,6121,西安理工大学,01,物理＋化学,576,101 132 109 234 
2024,1179,6122,西安工业大学,01,不限,527,106 97 99 225 
2024,1180,6122,西安工业大学,02,物理＋化学,553,104 113 96 240 
2024,1181,6123,西安科技大学,01,物理＋化学,531,96 107 106 222 
2024,1182,6124,西安石油大学,01,不限,521,103 89 119 210 
2024,1183,6124,西安石油大学,02,物理＋化学,540,101 104 119 216 
2024,1184,6125,西安工程大学,01,不限,514,93 105 100 216 
2024,1185,6126,陕西理工大学,01,不限,508,89 105 104 210 
2024,1186,6126,陕西理工大学,02,物理＋化学,518,87 122 105 204 
2024,1187,6127,宝鸡文理学院,01,思想政治,496,92 99 98 207 
2024,1188,6129,西安外国语大学,01,不限,519,100 103 103 213 
2024,1189,6130,西北政法大学,01,不限,620,115 113 134 258 
2024,1190,6132,西安财经大学,01,不限,521,95 102 105 219 
2024,1191,6133,西安邮电大学,01,物理＋化学,579,104 118 123 234 
2024,1192,6140,西安培华学院,01,不限,461,83 55 128 195 
2024,1193,6140,西安培华学院,02,物理＋化学,435,76 86 81 192 
2024,1194,6141,西安建筑科技大学华清学院,01,物理＋化学,434,    
2024,1195,6143,西安工商学院,01,物理,438,93 86 70 189 
2024,1196,6145,西安科技大学高新学院,01,不限,469,96 44 122 207 
2024,1197,6145,西安科技大学高新学院,02,物理,467,87 102 92 186 
2024,1198,6146,西安交通大学城市学院,01,不限,469,89 87 80 213 
2024,1199,6159,西安思源学院,01,物理＋化学,434,    
2024,1200,6210,兰州大学,01,不限,618,120 122 124 252 
2024,1201,6210,兰州大学,02,历史,621,119 103 123 276 
2024,1202,6210,兰州大学,03,物理＋化学,625,116 121 130 258 
2024,1203,6215,西北民族大学,01,不限,520,99 111 79 231 
2024,1204,6215,西北民族大学,02,化学,517,97 91 101 228 
2024,1205,6215,西北民族大学,03,物理＋化学,474,98 87 103 186 
2024,1206,6216,兰州理工大学,01,不限,514,97 93 111 213 
2024,1207,6216,兰州理工大学,02,物理,510,97 75 125 213 
2024,1208,6216,兰州理工大学,03,物理＋化学,510,102 83 109 216 
2024,1209,6217,兰州交通大学,01,物理＋化学,526,93 106 111 216 
2024,1210,6218,西北师范大学,01,物理＋化学(中外合办),434,    
2024,1211,6218,西北师范大学,02,不限,547,107 99 107 234 
2024,1212,6218,西北师范大学,03,地理,534,109 105 98 222 
2024,1213,6218,西北师范大学,04,物理＋化学,434,    
2024,1214,6219,兰州财经大学,01,不限,492,103 97 97 195 
2024,1215,6219,兰州财经大学,02,物理,488,88 97 108 195 
2024,1216,6220,甘肃政法大学,01,不限,534,103 97 124 210 
2024,1217,6220,甘肃政法大学,02,思想政治,520,103 98 106 213 
2024,1218,6220,甘肃政法大学,03,物理＋化学,473,84 88 118 183 
2024,1219,6301,青海大学,01,不限,571,113 105 119 234 
2024,1220,6301,青海大学,02,物理＋化学,573,105 120 96 252 
2024,1221,6301,青海大学,03,物理＋化学＋生物,590,80 129 135 246 
2024,1222,6304,青海理工学院,01,物理,464,92 103 59 210 
2024,1223,6304,青海理工学院,02,物理＋化学,434,    
2024,1224,6410,北方民族大学,01,不限,493,94 74 103 222 
2024,1225,6410,北方民族大学,02,物理＋化学,504,89 105 100 210 
2024,1226,6505,新疆大学,01,不限,551,95 98 103 255 
2024,1227,6505,新疆大学,02,物理,555,101 112 132 210 
2024,1228,6505,新疆大学,03,物理＋化学,565,105 104 125 231 
2024,1229,6510,石河子大学,01,物理,513,103 99 92 219 
2024,1230,6510,石河子大学,02,物理＋化学,531,98 98 92 243 
2024,1231,6511,新疆农业大学,01,不限,474,89 98 104 183 外语线:90
2024,1232,6511,新疆农业大学,02,物理＋化学,434,    
2024,1233,6513,伊犁师范大学,01,物理＋化学,434,    
2024,1234,6514,新疆财经大学,01,不限,477,96 112 71 198 
2024,1235,6514,新疆财经大学,02,物理,466,93 95 77 201 
2024,1236,6514,新疆财经大学,03,物理＋化学,443,92 94 89 168 
2024,1237,6516,中国石油大学(北京)克拉玛依校区,01,物理＋化学,558,110 109 105 234 
2024,1238,6517,塔里木大学,01,不限,476,95 82 98 201 
2024,1239,6517,塔里木大学,02,物理＋化学,434,    
2024,1240,6518,喀什大学,01,不限,481,110 83 90 198 
2024,1241,6518,喀什大学,02,思想政治,485,97 80 92 216 
2024,1242,6518,喀什大学,03,物理＋化学,434,    
2024,1243,6519,新疆政法学院,01,不限,479,100 94 87 198 
2024,1244,6519,新疆政法学院,02,物理＋化学,434,    
2024,1245,6521,新疆和田学院,01,不限,460,113 72 65 210 
2024,1246,6521,新疆和田学院,02,思想政治,463,86 92 75 210 
2024,1247,6521,新疆和田学院,03,物理＋化学,434,    
2024,1248,6522,昌吉学院,01,不限,478,97 82 107 192 
2024,1249,6522,昌吉学院,02,思想政治,477,96 93 96 192 
2024,1250,6522,昌吉学院,03,物理＋化学,434,    
2024,1251,6523,新疆理工学院,01,物理＋化学,434,    
2024,1252,6524,新疆科技学院,01,不限,460,91 93 48 228 
2024,1253,7103,北京邮电大学(宏福校区),01,物理＋化学(中外合办),638,    
2024,1254,7103,北京邮电大学(宏福校区),02,物理＋化学(中外合办),624,112 127 130 255 
2024,1255,7321,中国人民大学(苏州校区),01,不限(中外合办),647,105 136 145 261 
2024,1256,7321,中国人民大学(苏州校区),02,物理＋化学(中外合办),656,118 131 137 270 
2024,1257,7371,北京交通大学(威海校区),01,不限(中外合办),612,108 115 131 258 
2024,1258,7371,北京交通大学(威海校区),02,物理＋化学(中外合办),610,104 132 137 237 
