year,seq,school_code,school_name,major_group,selection_requirement,score,remark
2026,1,0321,陆军工程大学,01,物理,541,110 89 102 240
2026,2,0321,陆军工程大学,02,物理＋化学,531,106 104 108 213
2026,3,0431,国防科技大学,01,物理＋化学,648,120 122 124 282
2026,4,1003,中国人民公安大学,01,不限,616,111 108 136 261
2026,5,1008,中央美术学院,01,不限,599,117 83 135 264
2026,6,1008,中央美术学院,02,历史,597,111 103 125 258
2026,7,1008,中央美术学院,03,物理＋化学,611,115 104 139 243
2026,8,1008,中央美术学院,04,不限(中外合办),552,99 102 108 243
2026,9,1009,中央戏剧学院,01,不限,591,120 96 114 261
2026,10,1010,北京体育大学,01,不限,597,122 88 129 258
2026,11,1010,北京体育大学,02,不限,593,112 95 125 261
2026,12,1010,北京体育大学,03,物理,590,108 106 130 246
2026,13,1010,北京体育大学,04,物理,599,117 97 127 258
2026,14,1010,北京体育大学,05,物理＋化学,592,114 117 133 228
2026,15,1010,北京体育大学,06,物理＋化学,588,112 108 131 237
2026,16,1010,北京体育大学,07,思想政治＋历史,591,111 102 126 252
2026,17,1010,北京体育大学,08,不限(中外合办),535,108 89 107 231
2026,18,1011,中国社会科学院大学,01,不限,632,120 110 135 267
2026,19,1012,首都体育学院,01,不限,493,104 79 115 195
2026,20,1012,首都体育学院,02,物理,508,98 99 95 216
2026,21,1013,中国音乐学院,01,不限,541,106 83 103 249
2026,22,1015,中国戏曲学院,01,不限,514,113 88 109 204 语文线:110
2026,23,1015,中国戏曲学院,02,不限,526,105 85 114 222 外语线:110
2026,24,1015,中国戏曲学院,03,不限,516,100 90 107 219
2026,25,1016,北京电影学院,01,不限,584,106 101 116 261
2026,26,1016,北京电影学院,02,不限,575,115 99 112 249
2026,27,1016,北京电影学院,03,不限,584,113 115 122 234
2026,28,1016,北京电影学院,04,不限,583,112 88 128 255
2026,29,1016,北京电影学院,05,不限,573,114 91 134 234
2026,30,1016,北京电影学院,06,历史,569,120 91 127 231
2026,31,1016,北京电影学院,07,物理＋化学,598,119 109 124 246
2026,32,1017,北京舞蹈学院,01,不限,540,91 101 108 240
2026,33,1019,中国科学院大学,01,物理＋化学,676,121 125 142 288
2026,34,1020,中央民族大学,01,不限,622,113 117 137 255
2026,35,1020,中央民族大学,02,物理,626,115 125 134 252
2026,36,1020,中央民族大学,03,历史,627,118 104 120 285
2026,37,1020,中央民族大学,04,物理＋化学,625,116 126 131 252
2026,38,1020,中央民族大学,05,物理＋化学(中外合办),604,120 111 142 231
2026,39,1020,中央民族大学,16,物理＋化学(中外合办),602,110 112 125 255
2026,40,1021,北京大学,01,不限,688,
2026,41,1021,北京大学,02,不限,680,
2026,42,1021,北京大学,03,物理＋化学,680,130 127 144 279
2026,43,1022,中国人民大学,01,不限,667,
2026,44,1022,中国人民大学,02,物理＋化学,669,
2026,45,1023,清华大学,01,不限,686,
2026,46,1023,清华大学,02,物理＋化学,681,
2026,47,1025,北京交通大学,01,不限,631,113 115 142 261
2026,48,1025,北京交通大学,02,思想政治,633,112 125 126 270
2026,49,1025,北京交通大学,03,物理＋化学,650,120 127 136 267
2026,50,1025,北京交通大学,04,物理＋化学,649,122 119 141 267
2026,51,1025,北京交通大学,05,物理＋化学,651,109 127 136 279
2026,52,1025,北京交通大学,06,物理＋化学,640,122 118 136 264
2026,53,1025,北京交通大学,07,物理＋化学(中外合办),630,104 127 132 267
2026,54,1025,北京交通大学,08,物理＋化学(中外合办),619,112 121 131 255
2026,55,1025,北京交通大学,09,物理＋化学(中外合办),629,117 119 138 255
2026,56,1026,北京科技大学,01,不限,620,114 95 141 270
2026,57,1026,北京科技大学,02,物理,634,106 122 133 273
2026,58,1026,北京科技大学,03,物理＋化学,648,116 126 142 264
2026,59,1026,北京科技大学,04,物理＋化学,641,121 117 133 270
2026,60,1026,北京科技大学,05,物理＋化学,647,117 120 146 264
2026,61,1026,北京科技大学,06,物理＋化学,636,117 123 126 270
2026,62,1026,北京科技大学,07,物理＋化学,634,117 124 129 264
2026,63,1027,北京化工大学,01,不限,610,
2026,64,1027,北京化工大学,02,物理＋化学,629,
2026,65,1027,北京化工大学,03,物理＋化学,624,
2026,66,1027,北京化工大学,04,物理＋化学,617,114 111 131 261
2026,67,1027,北京化工大学,05,物理＋化学,617,117 125 126 249
2026,68,1027,北京化工大学,06,物理＋化学(中外合办),594,111 94 134 255
2026,69,1028,北京邮电大学,01,历史,633,122 112 138 261
2026,70,1028,北京邮电大学,02,物理＋化学,651,
2026,71,1028,北京邮电大学,03,物理＋化学,661,114 131 146 270
2026,72,1028,北京邮电大学,04,物理＋化学,670,112 131 133 294
2026,73,1028,北京邮电大学,05,物理＋化学(中外合办),643,119 127 133 264
2026,74,1028,北京邮电大学,06,物理＋化学(中外合办),631,102 125 122 282
2026,75,1029,中国农业大学,01,不限,634,114 115 129 276
2026,76,1029,中国农业大学,02,物理＋化学,637,115 121 131 270
2026,77,1029,中国农业大学,03,物理＋化学,641,119 125 133 264
2026,78,1029,中国农业大学,04,不限(中外合办),614,113 116 136 249
2026,79,1029,中国农业大学,05,不限(中外合办),607,114 105 130 258
2026,80,1029,中国农业大学,06,不限(中外合办),606,116 95 131 264
2026,81,1029,中国农业大学,07,物理＋化学(中外合办),626,116 112 128 270
2026,82,1030,北京林业大学,01,不限,619,111 127 117 264
2026,83,1030,北京林业大学,02,不限,605,114 97 130 264
2026,84,1030,北京林业大学,03,不限,607,129 109 129 240
2026,85,1030,北京林业大学,04,物理,603,120 105 135 243
2026,86,1030,北京林业大学,05,生物,608,121 108 127 252
2026,87,1030,北京林业大学,06,地理,617,108 121 130 258
2026,88,1030,北京林业大学,07,物理＋化学,615,131 105 136 243
2026,89,1030,北京林业大学,08,物理＋化学,602,107 119 130 246
2026,90,1030,北京林业大学,09,物理＋化学,605,111 130 115 249
2026,91,1030,北京林业大学,10,物理＋化学,595,112 104 130 249
2026,92,1030,北京林业大学,11,物理＋化学,596,122 93 135 246
2026,93,1030,北京林业大学,12,物理＋化学(中外合办),586,116 113 114 243 外语线:100
2026,94,1031,北京中医药大学,01,不限,589,118 99 126 246
2026,95,1031,北京中医药大学,02,物理＋化学,634,124 118 134 258
2026,96,1031,北京中医药大学,03,物理＋化学,593,107 103 134 249
2026,97,1031,北京中医药大学,04,物理＋化学,531,102 99 105 225
2026,98,1032,北京师范大学,01,不限,653,118 120 139 276
2026,99,1032,北京师范大学,02,不限,647,120 104 144 279 文化课总分线:521
2026,100,1032,北京师范大学,03,物理,652,126 124 138 264
2026,101,1032,北京师范大学,04,思想政治,660,129 100 140 291
2026,102,1032,北京师范大学,05,物理＋化学,653,107 129 144 273
2026,103,1033,北京外国语大学,01,不限,627,110 106 138 273
2026,104,1033,北京外国语大学,02,思想政治,632,116 103 128 285
2026,105,1033,北京外国语大学,03,物理＋化学,632,122 111 135 264
2026,106,1033,北京外国语大学,04,物理(中外合办),605,107 103 131 264
2026,107,1033,北京外国语大学,05,思想政治(中外合办),619,121 103 131 264
2026,108,1035,北京语言大学,01,不限,584,108 92 120 264
2026,109,1035,北京语言大学,02,思想政治,592,119 70 139 264
2026,110,1035,北京语言大学,03,物理＋化学,596,104 107 127 258
2026,111,1035,北京语言大学,04,不限(中外合办),552,112 88 121 231
2026,112,1035,北京语言大学,05,物理(中外合办),519,98 102 109 210
2026,113,1035,北京语言大学,06,物理＋化学(中外合办),523,107 100 115 201
2026,114,1036,中国传媒大学,01,不限,618,122 98 119 279
2026,115,1036,中国传媒大学,02,不限,630,112 113 135 270
2026,116,1036,中国传媒大学,03,不限,639,121 105 140 273
2026,117,1036,中国传媒大学,04,不限,623,129 97 130 267
2026,118,1036,中国传媒大学,05,不限,626,128 100 128 270
2026,119,1036,中国传媒大学,06,不限,617,121 95 134 267
2026,120,1036,中国传媒大学,07,物理,614,109 114 124 267
2026,121,1036,中国传媒大学,08,思想政治,621,117 103 131 270
2026,122,1036,中国传媒大学,09,物理＋化学,633,125 113 137 258
2026,123,1036,中国传媒大学,10,物理＋化学,618,109 118 133 258
2026,124,1036,中国传媒大学,11,物理＋化学,618,123 119 136 240
2026,125,1036,中国传媒大学,12,不限(中外合办),612,119 112 135 246
2026,126,1036,中国传媒大学,13,物理(中外合办),600,111 110 124 255
2026,127,1036,中国传媒大学,14,物理＋化学(中外合办),590,103 120 133 234
2026,128,1037,中央财经大学,01,不限,636,
2026,129,1037,中央财经大学,02,物理,640,118 114 141 267
2026,130,1037,中央财经大学,03,物理,659,120 128 132 279
2026,131,1037,中央财经大学,04,物理＋化学,640,
2026,132,1037,中央财经大学,05,物理＋化学,646,119 121 142 264
2026,133,1037,中央财经大学,06,不限(中外合办),625,122 111 131 261
2026,134,1038,对外经济贸易大学,01,不限,648,125 110 140 273
2026,135,1038,对外经济贸易大学,02,不限,643,127 111 132 273
2026,136,1038,对外经济贸易大学,03,不限,646,110 119 141 276
2026,137,1038,对外经济贸易大学,04,不限,636,
2026,138,1038,对外经济贸易大学,05,物理,639,
2026,139,1038,对外经济贸易大学,06,物理,648,115 120 137 276
2026,140,1038,对外经济贸易大学,07,物理＋化学,635,114 122 132 267
2026,141,1038,对外经济贸易大学,08,不限(中外合办),627,115 115 136 261
2026,142,1038,对外经济贸易大学,09,物理(中外合办),627,118 111 140 258
2026,143,1038,对外经济贸易大学,10,物理＋化学(中外合办),623,110 127 137 249
2026,144,1039,中国政法大学,01,不限,662,119 112 146 285
2026,145,1039,中国政法大学,02,不限,653,123 111 128 291
2026,146,1039,中国政法大学,03,不限,650,124 121 135 270
2026,147,1039,中国政法大学,04,不限,647,128 108 141 270
2026,148,1039,中国政法大学,05,不限,642,119 113 140 270
2026,149,1039,中国政法大学,06,不限(中外合办),601,128 87 125 261
2026,150,1040,华北电力大学(北京),01,物理,612,111 114 120 267
2026,151,1040,华北电力大学(北京),02,历史,612,117 104 142 249
2026,152,1040,华北电力大学(北京),03,物理＋化学,655,113 122 138 282
2026,153,1040,华北电力大学(北京),04,物理＋化学,631,115 122 133 261
2026,154,1040,华北电力大学(北京),05,物理＋化学,624,115 111 134 264
2026,155,1041,中国矿业大学(北京),01,不限,597,113 115 129 240
2026,156,1041,中国矿业大学(北京),02,物理,598,120 110 128 240
2026,157,1041,中国矿业大学(北京),03,物理＋化学,608,110 108 126 264
2026,158,1042,中国石油大学(北京),01,不限,615,122 96 136 261
2026,159,1042,中国石油大学(北京),02,物理,601,109 106 134 252
2026,160,1042,中国石油大学(北京),03,物理＋化学,611,118 111 133 249
2026,161,1042,中国石油大学(北京),04,思想政治＋历史,613,117 100 126 270
2026,162,1042,中国石油大学(北京),05,物理(中外合办),592,121 112 137 222
2026,163,1042,中国石油大学(北京),06,物理＋化学(中外合办),594,105 117 123 249
2026,164,1043,中国地质大学(北京),01,不限,605,121 110 119 255
2026,165,1043,中国地质大学(北京),02,物理,597,112 107 132 246
2026,166,1043,中国地质大学(北京),03,物理＋化学,606,117 109 137 243
2026,167,1043,中国地质大学(北京),04,物理＋化学,593,108 102 137 246
2026,168,1043,中国地质大学(北京),05,物理＋化学,594,116 113 119 246
2026,169,1043,中国地质大学(北京),06,物理＋化学,595,115 112 131 237
2026,170,1043,中国地质大学(北京),07,物理(中外合办),576,116 95 128 237
2026,171,1043,中国地质大学(北京),08,物理(中外合办),582,117 96 141 228
2026,172,1045,北京大学医学部,01,不限,661,120 119 143 279
2026,173,1045,北京大学医学部,02,化学,641,128 108 138 267
2026,174,1045,北京大学医学部,03,物理＋化学,665,
2026,175,1045,北京大学医学部,04,物理＋化学,660,
2026,176,1045,北京大学医学部,05,物理＋化学,659,118 123 139 279
2026,177,1046,北京协和医学院,01,物理＋化学,566,104 110 112 240
2026,178,1046,北京协和医学院,02,物理＋化学,652,112 130 131 279
2026,179,1047,北京航空航天大学,01,历史,643,124 114 141 264
2026,180,1047,北京航空航天大学,02,物理＋化学,663,
2026,181,1047,北京航空航天大学,03,物理＋化学(中外合办),657,
2026,182,1047,北京航空航天大学,04,物理＋化学(中外合办),645,114 129 138 264
2026,183,1047,北京航空航天大学,05,物理＋化学(中外合办),647,118 129 136 264
2026,184,1047,北京航空航天大学,06,物理＋化学(中外合办),647,127 128 137 255
2026,185,1048,北京理工大学,01,历史,643,114 116 143 270
2026,186,1048,北京理工大学,02,物理＋化学,662,116 129 141 276
2026,187,1048,北京理工大学,03,不限(中外合办),629,117 124 133 255
2026,188,1048,北京理工大学,04,物理＋化学(中外合办),638,119 119 133 267
2026,189,1048,北京理工大学,05,物理＋化学(中外合办),634,119 123 137 255
2026,190,1049,北京工业大学,01,不限,598,112 97 116 273
2026,191,1049,北京工业大学,02,物理,593,116 98 133 246
2026,192,1049,北京工业大学,03,物理＋化学,637,124 109 140 264
2026,193,1049,北京工业大学,04,物理＋化学,631,102 124 138 267
2026,194,1049,北京工业大学,05,物理＋化学,625,110 127 118 270
2026,195,1049,北京工业大学,06,物理＋化学,613,123 102 133 255
2026,196,1049,北京工业大学,07,物理＋化学,597,104 111 136 246
2026,197,1049,北京工业大学,08,物理(中外合办),589,112 111 108 258
2026,198,1049,北京工业大学,09,物理＋化学(中外合办),599,107 119 133 240
2026,199,1051,首都医科大学,01,不限,578,119 89 139 231
2026,200,1051,首都医科大学,02,化学,547,108 102 121 216
2026,201,1051,首都医科大学,03,物理＋化学,608,111 111 134 252
2026,202,1051,首都医科大学,04,物理＋化学,596,116 110 130 240
2026,203,1051,首都医科大学,05,物理＋化学,567,108 112 113 234
2026,204,1051,首都医科大学,06,物理＋化学,579,117 107 124 231
2026,205,1051,首都医科大学,07,物理＋化学,558,106 118 115 219
2026,206,1051,首都医科大学,08,物理＋化学,555,110 99 118 228
2026,207,1052,首都师范大学,01,不限,583,128 108 119 228
2026,208,1052,首都师范大学,02,不限,586,116 94 124 252
2026,209,1052,首都师范大学,03,不限,570,113 89 140 228
2026,210,1052,首都师范大学,04,不限,558,109 83 120 246
2026,211,1052,首都师范大学,05,历史,582,111 100 125 246
2026,212,1052,首都师范大学,06,地理,583,113 82 136 252
2026,213,1052,首都师范大学,07,物理＋化学,570,112 106 133 219
2026,214,1052,首都师范大学,08,物理＋化学,563,101 96 126 240
2026,215,1052,首都师范大学,09,物理＋化学,591,112 111 122 246
2026,216,1052,首都师范大学,10,物理＋化学,580,106 118 128 228
2026,217,1052,首都师范大学,11,物理＋化学,571,102 116 113 240
2026,218,1052,首都师范大学,12,物理＋化学,564,102 101 130 231
2026,219,1052,首都师范大学,13,物理＋化学,570,106 111 125 228
2026,220,1053,北京第二外国语学院,01,不限,526,106 83 115 222 外语线:90
2026,221,1053,北京第二外国语学院,02,不限,519,109 74 129 207 外语线:90
2026,222,1053,北京第二外国语学院,03,不限,529,107 64 133 225 外语线:90
2026,223,1053,北京第二外国语学院,04,不限,523,104 73 103 243 外语线:90
2026,224,1053,北京第二外国语学院,05,不限,522,98 104 101 219 外语线:90
2026,225,1053,北京第二外国语学院,06,不限,521,102 77 129 213 外语线:90
2026,226,1053,北京第二外国语学院,07,不限,530,103 96 103 228 外语线:90
2026,227,1053,北京第二外国语学院,08,物理,526,95 87 119 225 外语线:90
2026,228,1053,北京第二外国语学院,09,思想政治,536,100 93 94 249 外语线:90
2026,229,1053,北京第二外国语学院,10,地理,534,105 91 95 243 外语线:90
2026,230,1053,北京第二外国语学院,11,物理＋化学,527,92 112 113 210 外语线:90
2026,231,1055,首都经济贸易大学,01,不限,609,113 99 127 270
2026,232,1055,首都经济贸易大学,02,不限,583,118 104 124 237
2026,233,1055,首都经济贸易大学,03,不限,579,111 92 115 261
2026,234,1055,首都经济贸易大学,04,不限,569,112 84 118 255
2026,235,1055,首都经济贸易大学,05,不限,570,103 102 137 228
2026,236,1055,首都经济贸易大学,06,不限,557,106 97 108 246
2026,237,1055,首都经济贸易大学,07,不限,562,109 100 107 246
2026,238,1055,首都经济贸易大学,08,不限,555,103 99 119 234
2026,239,1055,首都经济贸易大学,09,不限,556,106 87 126 237
2026,240,1055,首都经济贸易大学,10,物理,552,115 92 123 222
2026,241,1055,首都经济贸易大学,11,物理＋化学,554,114 103 112 225
2026,242,1055,首都经济贸易大学,12,物理＋化学(中外合办),546,110 104 101 231
2026,243,1060,中国劳动关系学院,01,不限,516,106 80 105 225
2026,244,1060,中国劳动关系学院,02,思想政治,524,105 80 114 225
2026,245,1060,中国劳动关系学院,03,历史,533,111 102 119 201
2026,246,1060,中国劳动关系学院,04,物理＋化学,509,98 90 108 213
2026,247,1061,中华女子学院,01,不限(女),507,115 76 118 198
2026,248,1061,中华女子学院,02,物理＋化学(女),506,115 80 116 195
2026,249,1062,北方工业大学,01,不限,533,94 126 112 201
2026,250,1062,北方工业大学,02,不限,516,95 108 109 204
2026,251,1062,北方工业大学,03,物理＋化学,591,97 114 128 252
2026,252,1062,北方工业大学,04,物理＋化学,555,105 110 106 234
2026,253,1062,北方工业大学,05,物理＋化学,554,103 100 114 237
2026,254,1062,北方工业大学,06,物理＋化学,551,111 95 129 216
2026,255,1062,北方工业大学,07,物理＋化学,534,96 122 64 252
2026,256,1062,北方工业大学,08,物理＋化学(中外合办),510,85 88 124 213
2026,257,1062,北方工业大学,09,物理＋化学(中外合办),504,
2026,258,1063,北京工商大学,01,不限,579,110 93 130 246
2026,259,1063,北京工商大学,02,不限,558,109 106 94 249
2026,260,1063,北京工商大学,03,不限,543,100 77 111 255
2026,261,1063,北京工商大学,04,不限,545,122 94 104 225
2026,262,1063,北京工商大学,05,物理,522,110 92 101 219
2026,263,1063,北京工商大学,06,物理＋化学,527,109 104 98 216
2026,264,1063,北京工商大学,07,物理＋化学,557,103 109 120 225
2026,265,1063,北京工商大学,08,物理＋化学,526,113 88 103 222
2026,266,1063,北京工商大学,09,物理＋化学(中外合办),517,99 92 125 201
2026,267,1063,北京工商大学,10,物理＋化学(中外合办),509,101 95 118 195
2026,268,1064,北京信息科技大学,01,不限,549,117 86 124 222
2026,269,1064,北京信息科技大学,02,物理,560,106 108 124 222
2026,270,1064,北京信息科技大学,03,物理＋化学,592,117 111 139 225
2026,271,1064,北京信息科技大学,04,物理＋化学,574,116 104 126 228
2026,272,1064,北京信息科技大学,05,物理＋化学,569,107 116 115 231
2026,273,1064,北京信息科技大学,06,物理＋化学(中外合办),544,97 103 107 237
2026,274,1065,北京服装学院,01,不限,488,95 84 105 204
2026,275,1065,北京服装学院,02,物理＋化学,456,110 87 73 186
2026,276,1066,北京印刷学院,01,不限,507,
2026,277,1066,北京印刷学院,02,不限,500,116 68 82 234
2026,278,1066,北京印刷学院,03,物理,496,99 88 108 201
2026,279,1066,北京印刷学院,04,物理＋化学,484,105 88 99 192
2026,280,1066,北京印刷学院,05,物理＋化学,481,102 88 108 183
2026,281,1066,北京印刷学院,06,物理＋化学,476,87 84 92 213
2026,282,1067,北京建筑大学,01,不限,521,97 90 91 243
2026,283,1067,北京建筑大学,02,不限,517,106 106 92 213
2026,284,1067,北京建筑大学,03,物理,508,88 72 126 222
2026,285,1067,北京建筑大学,04,物理＋化学,529,111 105 115 198
2026,286,1067,北京建筑大学,05,物理＋化学,512,100 86 98 228
2026,287,1067,北京建筑大学,06,物理＋化学,517,101 92 108 216
2026,288,1068,北京石油化工学院,01,不限,484,99 79 108 198
2026,289,1068,北京石油化工学院,02,物理,479,103 86 92 198
2026,290,1068,北京石油化工学院,03,物理,478,81 101 86 210
2026,291,1068,北京石油化工学院,04,物理＋化学,464,103 71 95 195
2026,292,1068,北京石油化工学院,05,物理＋化学,484,99 107 59 219
2026,293,1068,北京石油化工学院,06,物理＋化学,470,92 94 74 210
2026,294,1068,北京石油化工学院,07,物理＋化学,479,91 90 106 192
2026,295,1069,北京农学院,01,不限,483,96 84 75 228
2026,296,1069,北京农学院,02,不限,482,95 93 105 189
2026,297,1069,北京农学院,03,生物,498,96 87 108 207
2026,298,1069,北京农学院,04,物理＋化学,506,104 106 89 207
2026,299,1069,北京农学院,05,物理＋化学,457,98 94 70 195
2026,300,1069,北京农学院,06,物理＋化学,463,93 72 118 180
2026,301,1069,北京农学院,07,物理＋化学,453,111 86 82 174
2026,302,1069,北京农学院,08,不限(中外合办),478,96 77 107 198
2026,303,1069,北京农学院,09,物理＋化学(中外合办),443,98 82 80 183
2026,304,1070,北京物资学院,01,不限,503,104 77 130 192
2026,305,1070,北京物资学院,02,不限,501,91 100 106 204
2026,306,1070,北京物资学院,03,不限,515,103 87 106 219
2026,307,1070,北京物资学院,04,不限,508,110 82 100 216
2026,308,1070,北京物资学院,05,物理,498,99 81 108 210
2026,309,1070,北京物资学院,06,物理＋化学,494,107 91 77 219
2026,310,1070,北京物资学院,07,物理＋化学,487,98 113 99 177
2026,311,1070,北京物资学院,08,不限(中外合办),488,99 98 99 192
2026,312,1070,北京物资学院,09,物理(中外合办),472,85 87 111 189
2026,313,1072,北京信息科技大学(张家口校区),01,不限,535,107 83 114 231
2026,314,1072,北京信息科技大学(张家口校区),02,物理,535,96 104 104 231
2026,315,1072,北京信息科技大学(张家口校区),03,物理＋化学,540,105 100 122 213
2026,316,1076,北京联合大学,01,不限,517,106 87 105 219
2026,317,1076,北京联合大学,02,不限,518,98 76 98 246
2026,318,1076,北京联合大学,03,不限,529,107 75 116 231
2026,319,1076,北京联合大学,04,不限,507,106 96 113 192
2026,320,1076,北京联合大学,05,不限,513,106 81 86 240
2026,321,1076,北京联合大学,06,不限,513,119 48 97 249
2026,322,1076,北京联合大学,07,不限,500,102 84 113 201
2026,323,1076,北京联合大学,08,不限,510,102 86 124 198
2026,324,1076,北京联合大学,09,不限,497,98 96 105 198
2026,325,1076,北京联合大学,10,不限,492,97 72 95 228
2026,326,1076,北京联合大学,11,不限,487,101 78 101 207
2026,327,1076,北京联合大学,12,不限,506,97 73 102 234
2026,328,1076,北京联合大学,13,不限,505,104 97 94 210
2026,329,1076,北京联合大学,14,地理,501,109 77 114 201
2026,330,1076,北京联合大学,15,物理,483,108 98 97 180
2026,331,1076,北京联合大学,16,物理,486,91 91 94 210
2026,332,1076,北京联合大学,17,物理＋化学,512,95 101 97 219
2026,333,1076,北京联合大学,18,物理＋化学,503,95 101 85 222
2026,334,1076,北京联合大学,19,物理＋化学,502,97 91 119 195
2026,335,1076,北京联合大学,20,物理＋化学,490,110 92 99 189
2026,336,1076,北京联合大学,21,物理＋化学,491,107 91 98 195
2026,337,1076,北京联合大学,22,物理＋化学,490,101 89 111 189
2026,338,1076,北京联合大学,23,物理＋化学,466,96 83 95 192
2026,339,1076,北京联合大学,24,物理＋化学,466,91 91 98 186
2026,340,1076,北京联合大学,25,物理＋化学,467,88 82 93 204
2026,341,1076,北京联合大学,26,物理(中外合办),462,92 85 96 189
2026,342,1076,北京联合大学,27,物理＋化学(中外合办),441,93 82 80 186
2026,343,1076,北京联合大学,28,物理＋化学(中外合办),451,111 82 102 156
2026,344,1084,北京城市学院,01,不限,444,88 69 89 198
2026,345,1084,北京城市学院,02,不限,432,105 67 80 180
2026,346,1084,北京城市学院,03,地理,471,105 59 88 219
2026,347,1084,北京城市学院,04,化学,435,94 73 85 183
2026,348,1084,北京城市学院,05,物理,429,
2026,349,1084,北京城市学院,06,物理,429,
2026,350,1084,北京城市学院,07,物理＋化学,431,86 84 93 168
2026,351,1084,北京城市学院,08,物理＋化学,431,93 65 81 192
2026,352,1084,北京城市学院,09,物理＋化学,429,
2026,353,1090,首都师范大学科德学院,01,不限,429,
2026,354,1090,首都师范大学科德学院,02,物理,429,
2026,355,1090,首都师范大学科德学院,03,物理＋化学,429,
2026,356,1091,北京金融科技学院,01,不限,429,
2026,357,1091,北京金融科技学院,02,物理,429,
2026,358,1091,北京金融科技学院,03,物理＋化学,429,
2026,359,1092,北京邮电大学世纪学院,01,不限,430,94 76 80 180
2026,360,1092,北京邮电大学世纪学院,02,物理,429,
2026,361,1092,北京邮电大学世纪学院,03,物理＋化学,429,
2026,362,1093,北京工业大学耿丹学院,01,不限,429,
2026,363,1093,北京工业大学耿丹学院,02,物理,429,
2026,364,1093,北京工业大学耿丹学院,03,物理＋化学,429,
2026,365,1095,北京第二外国语学院中瑞酒店管理学院,01,不限,429,
2026,366,1095,北京第二外国语学院中瑞酒店管理学院,02,不限,429,
2026,367,1106,北京科技职业大学,01,物理,447,92 72 103 180
2026,368,1106,北京科技职业大学,02,物理,452,90 86 108 168
2026,369,1106,北京科技职业大学,03,物理,443,94 78 103 168
2026,370,1109,首钢工学院,01,物理,451,101 76 94 180
2026,371,1109,首钢工学院,02,物理＋化学,454,99 94 90 171
2026,372,1128,民政职业大学,01,不限,492,95 88 123 186
2026,373,1128,民政职业大学,02,物理,484,106 84 105 189
2026,374,1128,民政职业大学,03,物理＋化学,480,88 94 106 192
2026,375,1140,北京联合大学（京津冀职教改革项目）,01,不限,478,108 61 93 216
2026,376,1140,北京联合大学（京津冀职教改革项目）,02,物理,460,98 63 113 186
2026,377,1140,北京联合大学（京津冀职教改革项目）,03,物理＋化学,444,92 82 90 180
2026,378,1140,北京联合大学（京津冀职教改革项目）,04,物理＋化学,441,80 86 83 192
2026,379,1141,北京信息科技大学（京津冀职教改革项目）,01,不限,481,93 79 108 201
2026,380,1142,北京工商大学(京津冀职教改革项目),01,不限,489,100 94 106 189
2026,381,1142,北京工商大学(京津冀职教改革项目),05,物理,479,104 91 101 183
2026,382,1210,南开大学,01,不限,657,119 131 137 270
2026,383,1210,南开大学,02,不限,653,115 115 144 279
2026,384,1210,南开大学,03,物理＋化学,658,122 125 129 282
2026,385,1211,天津大学,01,物理＋化学,654,119 115 140 270
2026,386,1211,天津大学,02,不限(中外合办),617,115 114 124 264
2026,387,1211,天津大学,03,物理＋化学(中外合办),643,109 129 122 273
2026,388,1212,天津医科大学,01,物理＋化学＋生物,596,113 115 119 249
2026,389,1215,中国民航大学,01,不限,564,111 85 131 237
2026,390,1215,中国民航大学,02,物理,589,118 110 118 243
2026,391,1215,中国民航大学,03,思想政治,571,117 81 124 249
2026,392,1215,中国民航大学,04,物理＋化学,566,114 99 119 234
2026,393,1215,中国民航大学,05,物理＋化学,556,105 103 120 228
2026,394,1216,天津科技大学,01,不限,514,114 73 102 225
2026,395,1216,天津科技大学,02,物理,537,98 113 122 204
2026,396,1216,天津科技大学,03,物理＋化学,545,117 101 93 234
2026,397,1216,天津科技大学,04,物理＋化学,550,99 106 123 222
2026,398,1216,天津科技大学,05,不限(中外合办),527,105 86 108 228
2026,399,1216,天津科技大学,06,物理＋化学(中外合办),534,101 106 114 213
2026,400,1217,天津工业大学,01,物理＋化学,590,115 99 133 243
2026,401,1218,天津理工大学,01,不限,522,106 90 101 225
2026,402,1218,天津理工大学,02,物理,513,92 109 102 210
2026,403,1218,天津理工大学,03,物理＋化学,511,109 86 97 219
2026,404,1218,天津理工大学,04,物理＋化学,522,100 86 105 231
2026,405,1219,天津农学院,01,不限,487,105 76 84 222
2026,406,1219,天津农学院,02,物理＋化学,499,106 105 87 201
2026,407,1220,天津中医药大学,01,不限,542,92 102 129 219
2026,408,1220,天津中医药大学,02,物理＋化学,586,115 110 118 243
2026,409,1220,天津中医药大学,03,物理＋化学,575,115 107 110 243
2026,410,1220,天津中医药大学,04,物理＋化学,560,107 103 122 228
2026,411,1220,天津中医药大学,05,物理＋化学(中外合办),546,113 80 113 240 外语线:110
2026,412,1221,天津师范大学,01,不限,549,119 64 111 255
2026,413,1221,天津师范大学,02,思想政治,572,113 90 114 255
2026,414,1221,天津师范大学,03,历史,571,112 88 125 246
2026,415,1221,天津师范大学,04,地理,566,107 99 120 240
2026,416,1221,天津师范大学,05,物理＋化学,553,103 107 118 225
2026,417,1221,天津师范大学,06,思想政治＋历史,565,103 90 114 258
2026,418,1222,天津职业技术师范大学,01,物理＋化学,481,99 88 84 210
2026,419,1223,天津外国语大学,01,不限,525,109 98 111 207
2026,420,1223,天津外国语大学,02,不限,528,112 88 115 213
2026,421,1223,天津外国语大学,03,不限,534,118 92 111 213
2026,422,1223,天津外国语大学,04,物理,518,99 100 112 207
2026,423,1223,天津外国语大学,05,思想政治,541,108 67 135 231
2026,424,1224,天津商业大学,01,不限(中外合办),507,101 97 102 207
2026,425,1225,天津财经大学,01,不限,555,110 86 140 219
2026,426,1225,天津财经大学,02,不限,547,115 86 100 246
2026,427,1225,天津财经大学,03,不限,553,110 88 127 228
2026,428,1225,天津财经大学,04,物理,535,105 103 123 204
2026,429,1225,天津财经大学,05,物理,545,102 103 118 222
2026,430,1226,天津城建大学,01,不限,481,97 72 93 219
2026,431,1226,天津城建大学,02,物理＋化学,476,88 88 102 198
2026,432,1230,天津商业大学宝德学院,01,不限,471,105 76 89 201
2026,433,1231,天津医科大学临床医学院,01,不限,475,113 56 78 228
2026,434,1231,天津医科大学临床医学院,02,化学,502,99 85 102 216
2026,435,1231,天津医科大学临床医学院,03,物理＋化学,468,98 84 103 183
2026,436,1231,天津医科大学临床医学院,04,物理＋化学＋生物,506,91 94 102 219
2026,437,1234,天津理工大学中环信息学,01,物理,449,95 69 96 189
2026,438,1234,天津理工大学中环信息学,02,物理＋化学,440,89 76 86 189
2026,439,1235,北京科技大学天津学院,01,不限,474,90 80 85 219
2026,440,1235,北京科技大学天津学院,02,物理,434,94 75 85 180
2026,441,1235,北京科技大学天津学院,03,化学,484,103 80 103 198
2026,442,1235,北京科技大学天津学院,04,物理＋化学,429,81 93 75 180
2026,443,1236,天津仁爱学院,01,不限,471,104 88 90 189
2026,444,1236,天津仁爱学院,02,物理＋化学,429,
2026,445,1237,天津财经大学珠江学院,01,不限,468,99 77 112 180
2026,446,1238,天津外国语大学滨海外事学院,01,不限,478,98 68 105 207
2026,447,1243,天津职业大学,01,不限,480,97 101 105 177
2026,448,1243,天津职业大学,02,物理,440,89 78 105 168
2026,449,1301,中国人民警察大学,01,不限,528,107 101 95 225
2026,450,1301,中国人民警察大学,02,物理＋化学,516,115 82 109 210
2026,451,1310,华北电力大学(保定),01,物理,608,114 114 134 246
2026,452,1310,华北电力大学(保定),02,历史,593,116 96 120 261
2026,453,1310,华北电力大学(保定),03,物理＋化学,647,122 126 135 264
2026,454,1310,华北电力大学(保定),04,物理＋化学,629,112 115 135 267
2026,455,1310,华北电力大学(保定),05,物理＋化学,617,121 118 138 240
2026,456,1310,华北电力大学(保定),06,物理＋化学,618,111 101 136 270
2026,457,1311,东北大学秦皇岛分校,01,不限,606,106 112 127 261
2026,458,1311,东北大学秦皇岛分校,02,物理,617,112 122 134 249
2026,459,1311,东北大学秦皇岛分校,03,物理＋化学,622,110 112 133 267
2026,460,1311,东北大学秦皇岛分校,04,物理＋化学(中外合办),616,122 116 120 258
2026,461,1311,东北大学秦皇岛分校,05,物理＋化学(中外合办),613,105 115 135 258
2026,462,1312,河北工业大学,01,物理＋化学,591,118 106 118 249
2026,463,1312,河北工业大学,02,物理＋化学,605,111 117 128 249
2026,464,1312,河北工业大学,03,物理＋化学(中外合办),594,121 102 131 240
2026,465,1313,燕山大学,01,不限,538,105 101 104 228
2026,466,1313,燕山大学,02,物理＋化学,589,116 105 113 255
2026,467,1317,应急管理大学,01,不限,506,104 80 94 228
2026,468,1317,应急管理大学,02,不限,499,117 65 113 204
2026,469,1317,应急管理大学,03,不限,495,107 50 107 231
2026,470,1317,应急管理大学,04,物理＋化学,510,101 101 104 204
2026,471,1317,应急管理大学,05,物理＋化学,492,100 80 114 198
2026,472,1317,应急管理大学,06,物理＋化学,497,99 88 115 195
2026,473,1318,河北大学,01,不限,561,106 102 104 249
2026,474,1318,河北大学,02,物理＋化学,544,114 92 128 210
2026,475,1318,河北大学,03,物理＋化学,525,95 104 122 204
2026,476,1319,河北工程大学,01,不限,516,113 70 96 237
2026,477,1319,河北工程大学,02,物理＋化学,501,109 83 108 201
2026,478,1320,河北地质大学,01,不限,491,87 99 101 204
2026,479,1321,河北建筑工程学院,01,不限,480,105 65 97 213
2026,480,1321,河北建筑工程学院,02,物理,472,96 90 73 213
2026,481,1321,河北建筑工程学院,03,物理＋化学,455,94 77 98 186
2026,482,1322,华北理工大学,01,化学,519,100 113 120 186
2026,483,1322,华北理工大学,02,物理＋化学,539,97 90 118 234
2026,484,1322,华北理工大学,03,物理＋化学＋生物,570,117 105 117 231
2026,485,1323,河北农业大学,01,不限,487,101 78 86 222
2026,486,1324,河北医科大学,01,生物,541,107 103 121 210
2026,487,1324,河北医科大学,02,物理＋化学,556,109 94 116 237
2026,488,1324,河北医科大学,03,物理＋化学＋生物,590,108 113 120 249
2026,489,1326,河北师范大学,01,不限,492,92 83 98 219
2026,490,1326,河北师范大学,02,物理＋化学,505,94 95 112 204
2026,491,1327,衡水学院,01,不限,479,108 94 88 189
2026,492,1328,石家庄铁道大学,01,不限,540,110 68 104 258
2026,493,1328,石家庄铁道大学,02,物理＋化学,573,108 101 127 237
2026,494,1330,北华航天工业学院,01,不限,507,106 76 91 234
2026,495,1330,北华航天工业学院,02,物理＋化学,535,107 103 106 219
2026,496,1330,北华航天工业学院,03,物理＋化学(中外合办),501,101 87 97 216
2026,497,1331,河北经贸大学,01,不限,512,100 91 111 210
2026,498,1332,承德医学院,01,生物,530,107 92 97 234
2026,499,1332,承德医学院,02,物理＋化学,550,103 112 128 207
2026,500,1333,廊坊师范学院,01,不限,496,101 91 91 213
2026,501,1333,廊坊师范学院,02,思想政治,519,98 79 114 228
2026,502,1333,廊坊师范学院,03,历史,508,108 75 106 219
2026,503,1335,河北中医药大学,01,不限,560,106 98 119 237
2026,504,1335,河北中医药大学,02,物理＋化学,557,104 104 124 225
2026,505,1341,华北理工大学轻工学院,01,不限,471,108 78 111 174
2026,506,1342,河北医科大学临床学院,01,生物,491,96 83 108 204
2026,507,1342,河北医科大学临床学院,02,物理＋化学＋生物,503,120 88 121 174
2026,508,1344,河北工程大学科信学院,01,不限,472,98 50 99 225
2026,509,1344,河北工程大学科信学院,02,物理＋化学,429,
2026,510,1345,石家庄铁道大学四方学院,01,不限,478,116 88 91 183
2026,511,1345,石家庄铁道大学四方学院,02,物理,457,91 93 87 186
2026,512,1345,石家庄铁道大学四方学院,03,物理＋化学,476,111 81 95 189
2026,513,1346,河北地质大学华信学院,01,不限,469,95 81 98 195
2026,514,1349,燕京理工学院,01,不限,479,105 80 96 198
2026,515,1349,燕京理工学院,02,物理＋化学,461,99 85 88 189
2026,516,1350,北京中医药大学东方学院,01,不限,500,94 89 116 201
2026,517,1350,北京中医药大学东方学院,02,化学,468,95 90 85 198
2026,518,1350,北京中医药大学东方学院,03,生物,486,103 72 104 207
2026,519,1350,北京中医药大学东方学院,04,物理＋化学,461,99 62 105 195
2026,520,1353,沧州交通学院,01,不限,467,100 79 99 189
2026,521,1353,沧州交通学院,02,物理＋化学,438,95 88 75 180
2026,522,1355,河北科技工程职业技术大学,01,物理,441,79 81 89 192
2026,523,1357,河北工业职业技术大学,01,不限,475,95 93 83 204
2026,524,1357,河北工业职业技术大学,02,物理,436,96 87 79 174
2026,525,1359,河北石油职业技术大学,01,物理,441,97 67 112 165
2026,526,1361,河北北方学院,01,物理＋化学,540,106 105 113 216
2026,527,1361,河北北方学院,02,物理＋化学,537,102 111 120 204
2026,528,1361,河北北方学院,03,物理＋化学,510,107 96 124 183
2026,529,1365,河北金融学院,01,不限,489,102 89 94 204
2026,530,1365,河北金融学院,02,物理,476,105 77 90 204
2026,531,1385,河北外国语学院,01,不限,465,109 69 68 219
2026,532,1385,河北外国语学院,02,化学,451,102 59 92 198
2026,533,1389,河北环境工程学院,01,不限,480,97 88 100 195
2026,534,1389,河北环境工程学院,02,物理＋化学,447,83 93 91 180
2026,535,1393,河北东方学院,01,不限,471,100 78 68 225
2026,536,1393,河北东方学院,02,物理＋化学,429,
2026,537,1401,山西大学,01,不限,538,102 90 109 237
2026,538,1401,山西大学,02,物理＋化学,564,97 126 116 225
2026,539,1402,太原科技大学,01,物理＋化学,501,90 105 102 204
2026,540,1403,中北大学,01,不限,514,100 92 112 210
2026,541,1403,中北大学,02,物理,520,103 103 104 210
2026,542,1403,中北大学,03,物理＋化学,552,116 85 123 228
2026,543,1404,太原理工大学,01,物理＋化学,595,92 112 136 255
2026,544,1404,太原理工大学,02,物理＋化学,593,120 112 127 234
2026,545,1404,太原理工大学,03,物理＋化学(中外合办),589,116 113 126 234
2026,546,1405,山西医科大学,01,物理＋化学,538,108 94 110 216
2026,547,1405,山西医科大学,02,物理＋化学,534,107 96 103 228
2026,548,1405,山西医科大学,03,物理＋化学＋生物,587,109 109 135 234
2026,549,1405,山西医科大学,04,物理＋化学＋生物,564,100 103 124 237
2026,550,1405,山西医科大学,05,物理＋化学＋生物,541,94 95 127 225
2026,551,1406,山西师范大学,01,物理＋化学,484,90 94 75 225
2026,552,1407,山西大同大学,01,物理＋化学＋生物,524,108 95 120 201
2026,553,1408,山西财经大学,01,不限,506,87 76 115 228
2026,554,1408,山西财经大学,02,物理,507,102 95 106 204
2026,555,1410,山西农业大学,01,物理＋化学＋生物,464,97 85 87 195
2026,556,1411,吕梁学院,01,生物,477,91 76 100 210
2026,557,1411,吕梁学院,02,历史,480,102 77 85 216
2026,558,1411,吕梁学院,03,地理,478,91 85 101 201
2026,559,1411,吕梁学院,04,物理＋化学,456,88 92 81 195
2026,560,1412,山西中医药大学,01,不限,558,111 86 127 234
2026,561,1412,山西中医药大学,02,生物,532,115 88 113 216
2026,562,1412,山西中医药大学,03,物理＋生物,556,105 105 100 246
2026,563,1421,山西工学院,01,不限,478,99 92 92 195
2026,564,1422,山西晋中理工学院,01,不限,467,100 86 101 180
2026,565,1422,山西晋中理工学院,02,物理＋化学,436,101 85 73 177
2026,566,1436,山西传媒学院,01,物理＋化学,450,110 75 97 168
2026,567,1501,内蒙古大学,01,不限,551,109 80 134 228
2026,568,1501,内蒙古大学,02,思想政治,573,117 105 114 237
2026,569,1501,内蒙古大学,03,历史,578,123 80 129 246
2026,570,1501,内蒙古大学,04,物理＋化学,584,118 101 119 246
2026,571,1502,内蒙古科技大学,01,思想政治,494,94 83 95 222
2026,572,1502,内蒙古科技大学,02,物理＋化学,473,102 71 102 198
2026,573,1504,内蒙古农业大学,01,物理＋化学,508,87 86 107 228
2026,574,1505,内蒙古医科大学,01,物理＋化学＋生物,566,107 90 132 237
2026,575,1508,内蒙古艺术学院,01,不限,477,107 62 89 219
2026,576,2110,大连海事大学,01,不限,580,114 92 122 252
2026,577,2110,大连海事大学,02,物理,571,109 106 128 228
2026,578,2110,大连海事大学,03,物理＋化学,597,101 123 118 255
2026,579,2110,大连海事大学,04,不限(中外合办),602,120 98 132 252
2026,580,2110,大连海事大学,05,物理＋化学(中外合办),590,112 104 116 258
2026,581,2111,大连理工大学,01,物理＋化学,653,126 118 136 273
2026,582,2111,大连理工大学,02,物理＋化学(中外合办),622,112 117 132 261
2026,583,2111,大连理工大学,03,物理＋化学(中外合办),619,113 111 137 258
2026,584,2112,东北大学,01,不限,611,109 97 135 270
2026,585,2112,东北大学,02,物理,623,115 121 141 246
2026,586,2112,东北大学,03,物理＋化学,633,117 106 134 276
2026,587,2112,东北大学,04,物理＋化学(中外合办),618,117 103 137 261
2026,588,2113,辽宁工程技术大学,01,物理＋化学,485,103 69 121 192
2026,589,2114,沈阳农业大学,01,不限,486,107 89 80 210
2026,590,2114,沈阳农业大学,02,物理＋化学,508,100 100 110 198
2026,591,2115,中国医科大学,01,物理＋化学,620,121 104 137 258
2026,592,2115,中国医科大学,02,物理＋化学,599,125 103 134 237
2026,593,2115,中国医科大学,03,物理＋化学(中外合办),518,101 97 113 207
2026,594,2116,大连理工大学(盘锦校区),01,物理,621,115 119 129 258
2026,595,2116,大连理工大学(盘锦校区),02,物理＋化学,625,121 124 131 249
2026,596,2116,大连理工大学(盘锦校区),03,物理＋化学(中外合办),610,128 115 133 234
2026,597,2116,大连理工大学(盘锦校区),04,物理＋化学(中外合办),619,111 117 136 255
2026,598,2120,大连民族大学,01,不限,490,100 91 101 198
2026,599,2120,大连民族大学,02,物理,429,
2026,600,2120,大连民族大学,03,物理＋化学,490,111 103 90 186
2026,601,2121,辽宁大学,01,不限,578,108 81 134 255
2026,602,2121,辽宁大学,02,思想政治,578,127 81 124 246
2026,603,2121,辽宁大学,03,物理＋化学,590,111 113 126 240
2026,604,2121,辽宁大学,04,不限(中外合办),572,98 107 121 246
2026,605,2121,辽宁大学,05,不限(中外合办),570,113 99 130 228
2026,606,2121,辽宁大学,06,不限(中外合办),577,105 105 133 234
2026,607,2122,沈阳工业大学,01,物理＋化学,532,108 90 112 222
2026,608,2123,沈阳航空航天大学,01,物理＋化学,548,115 98 110 225
2026,609,2124,沈阳理工大学,01,物理＋化学,518,101 87 120 210
2026,610,2125,辽宁科技大学,01,物理＋化学,484,100 93 96 195
2026,611,2126,辽宁石油化工大学,01,物理＋化学,497,94 98 92 213
2026,612,2128,大连交通大学,01,物理＋化学,536,105 88 124 219
2026,613,2130,沈阳建筑大学,01,物理,487,100 95 88 204
2026,614,2130,沈阳建筑大学,02,物理,494,108 59 93 234
2026,615,2130,沈阳建筑大学,03,物理＋化学,477,91 91 91 204
2026,616,2131,大连海洋大学,01,物理＋化学,473,95 90 96 192
2026,617,2131,大连海洋大学,02,物理＋化学,486,101 95 86 204
2026,618,2131,大连海洋大学,03,物理＋化学,476,92 85 95 204
2026,619,2132,锦州医科大学,01,物理＋化学,547,103 110 136 198
2026,620,2132,锦州医科大学,02,物理＋化学,505,93 101 98 213
2026,621,2132,锦州医科大学,03,物理＋生物(中外合办),495,107 97 99 192
2026,622,2133,沈阳药科大学,01,化学,550,102 105 133 210
2026,623,2133,沈阳药科大学,02,物理＋化学,565,119 90 131 225
2026,624,2135,辽宁师范大学,01,物理＋化学,510,106 98 105 201
2026,625,2135,辽宁师范大学,02,不限(中外合办),483,99 91 92 201
2026,626,2136,沈阳师范大学,01,物理＋化学,483,97 90 110 186
2026,627,2137,大连外国语大学,01,不限,509,94 90 109 216
2026,628,2137,大连外国语大学,02,思想政治,520,107 78 98 237
2026,629,2138,东北财经大学,01,不限,579,110 104 143 222
2026,630,2138,东北财经大学,02,物理,578,110 115 113 240
2026,631,2140,大连大学,01,不限,490,102 78 103 207
2026,632,2142,沈阳工程学院,01,物理＋化学,516,90 100 86 240
2026,633,2142,沈阳工程学院,02,物理＋化学(中外合办),512,99 103 112 198
2026,634,2143,大连医科大学,01,物理＋化学,571,114 116 107 234
2026,635,2143,大连医科大学,02,物理＋化学,604,119 99 131 255
2026,636,2144,渤海大学,01,不限,483,91 95 72 225
2026,637,2146,辽宁中医药大学,01,不限,589,98 115 130 246
2026,638,2150,辽宁对外经贸学院,01,不限,440,102 66 98 174
2026,639,2151,沈阳工学院,01,物理＋化学,442,96 83 95 168
2026,640,2155,锦州医科大学医疗学院,01,化学,453,98 97 87 171
2026,641,2155,锦州医科大学医疗学院,02,物理＋化学,478,87 93 100 198
2026,642,2156,大连财经学院,01,不限,472,112 73 101 186
2026,643,2156,大连财经学院,02,物理,436,96 71 68 201
2026,644,2159,大连东软信息学院,01,物理＋化学,429,
2026,645,2160,大连工程学院,01,物理＋化学,429,
2026,646,2164,辽宁何氏医学院,01,物理＋化学,434,93 80 90 171
2026,647,2165,大连医科大学中山学院,01,物理＋化学,494,88 104 110 192
2026,648,2210,吉林大学,01,不限,626,121 102 127 276
2026,649,2210,吉林大学,02,不限,638,117 107 135 279
2026,650,2210,吉林大学,03,物理,624,109 113 141 261
2026,651,2210,吉林大学,04,历史,622,128 107 132 255
2026,652,2210,吉林大学,05,物理＋化学,639,113 133 129 264
2026,653,2210,吉林大学,06,物理＋化学,622,122 118 127 255
2026,654,2210,吉林大学,07,物理＋化学,637,122 124 130 261
2026,655,2210,吉林大学,08,物理＋化学,640,120 116 137 267
2026,656,2210,吉林大学,09,物理＋化学,632,115 118 138 261
2026,657,2210,吉林大学,10,物理＋化学,636,119 118 132 267
2026,658,2210,吉林大学,11,物理＋化学,634,102 121 134 267
2026,659,2211,东北师范大学,01,不限,590,112 108 118 252
2026,660,2211,东北师范大学,02,思想政治,597,118 113 123 243
2026,661,2211,东北师范大学,03,物理＋化学,587,110 117 120 240
2026,662,2211,东北师范大学,04,不限(中外合办),563,108 92 126 237
2026,663,2211,东北师范大学,05,物理＋化学(中外合办),592,112 107 118 255
2026,664,2212,延边大学,01,不限,567,111 97 131 228
2026,665,2212,延边大学,02,物理＋化学,581,118 108 130 225
2026,666,2215,长春理工大学,01,物理,546,113 86 113 234
2026,667,2215,长春理工大学,02,物理＋化学,574,104 115 109 246
2026,668,2216,东北电力大学,01,不限,549,109 92 114 234
2026,669,2216,东北电力大学,02,不限,536,100 87 109 240
2026,670,2216,东北电力大学,03,物理＋化学,606,119 101 134 252
2026,671,2216,东北电力大学,04,物理＋化学(中外合办),588,113 101 122 252
2026,672,2217,长春工业大学,01,物理＋化学,491,94 98 98 201
2026,673,2218,吉林建筑大学,01,物理＋化学,453,88 89 84 192
2026,674,2220,北华大学,01,物理＋化学,523,99 99 115 210
2026,675,2221,吉林师范大学,01,不限,540,109 86 114 231
2026,676,2221,吉林师范大学,02,物理＋化学,522,103 97 112 210
2026,677,2223,长春师范大学,01,历史(中外合办),477,88 73 103 213
2026,678,2223,长春师范大学,02,物理＋化学(中外合办),454,73 89 100 192
2026,679,2224,吉林财经大学,01,不限,514,104 96 86 228
2026,680,2225,长春工程学院,01,物理＋化学,470,86 105 90 189
2026,681,2227,长春大学,01,物理＋化学,470,107 90 81 192
2026,682,2228,吉林工商学院,01,不限,478,98 91 100 189
2026,683,2228,吉林工商学院,02,物理＋化学,464,97 92 95 180
2026,684,2236,长春电子科技学院,01,物理＋化学,431,87 76 76 192
2026,685,2237,长春财经学院,01,不限,468,92 88 99 189
2026,686,2238,长春建筑学院,01,不限,431,103 69 79 180
2026,687,2238,长春建筑学院,02,物理＋化学,429,
2026,688,2239,长春科技学院,01,不限,487,104 86 84 213
2026,689,2240,长春人文学院,01,不限,460,91 53 94 222
2026,690,2241,吉林建筑科技学院,01,物理＋化学,429,
2026,691,2243,长春中医药大学,01,不限,557,111 83 123 240
2026,692,2243,长春中医药大学,02,物理＋化学,497,86 85 110 216
2026,693,2310,东北林业大学,01,不限,568,115 100 113 240
2026,694,2310,东北林业大学,02,物理＋化学,584,110 108 120 246
2026,695,2310,东北林业大学,03,物理＋化学(中外合办),568,110 101 129 228
2026,696,2310,东北林业大学,04,物理＋化学(中外合办),534,100 93 119 222
2026,697,2310,东北林业大学,05,物理＋化学(中外合办),583,113 108 134 228
2026,698,2311,哈尔滨工业大学,01,物理＋化学,662,121 120 136 285
2026,699,2311,哈尔滨工业大学,02,物理(中外合办),632,120 116 132 264
2026,700,2311,哈尔滨工业大学,03,物理(中外合办),618,118 109 139 252
2026,701,2311,哈尔滨工业大学,04,物理＋化学(中外合办),632,123 119 135 255
2026,702,2311,哈尔滨工业大学,05,物理＋化学(中外合办),632,110 123 138 261
2026,703,2311,哈尔滨工业大学,06,物理＋化学(中外合办),625,119 112 133 261
2026,704,2311,哈尔滨工业大学,07,物理＋化学(中外合办),634,109 123 138 264
2026,705,2312,哈尔滨工程大学,01,历史,550,108 76 99 267
2026,706,2312,哈尔滨工程大学,02,思想政治＋历史,578,116 99 114 249
2026,707,2312,哈尔滨工程大学,03,物理＋化学,639,120 125 133 261
2026,708,2312,哈尔滨工程大学,04,物理＋化学,631,111 118 132 270
2026,709,2312,哈尔滨工程大学,05,物理＋化学,632,112 117 139 264
2026,710,2312,哈尔滨工程大学,06,物理＋化学,631,103 124 128 276
2026,711,2312,哈尔滨工程大学,07,物理＋化学,635,114 115 133 273
2026,712,2312,哈尔滨工程大学,08,物理＋化学,637,121 122 127 267
2026,713,2312,哈尔滨工程大学,09,物理＋化学,635,118 121 132 264
2026,714,2312,哈尔滨工程大学,10,物理＋化学,631,109 120 132 270
2026,715,2312,哈尔滨工程大学,11,物理＋化学(中外合办),583,105 116 125 237
2026,716,2312,哈尔滨工程大学,12,物理＋化学(中外合办),593,115 113 131 234
2026,717,2312,哈尔滨工程大学,13,物理＋化学(中外合办),583,114 108 121 240
2026,718,2313,东北石油大学,01,不限,495,108 77 88 222
2026,719,2313,东北石油大学,02,物理,478,87 79 117 195
2026,720,2313,东北石油大学,03,物理＋化学,504,101 82 108 213
2026,721,2314,哈尔滨医科大学,01,物理＋化学,590,103 115 111 261
2026,722,2314,哈尔滨医科大学,02,物理＋化学＋生物,585,109 112 124 240
2026,723,2315,东北农业大学,01,不限,548,105 88 100 255
2026,724,2315,东北农业大学,02,物理＋化学,564,103 114 98 249
2026,725,2315,东北农业大学,03,物理＋化学,568,106 106 116 240
2026,726,2320,黑龙江大学,01,不限,519,99 99 102 219
2026,727,2320,黑龙江大学,02,历史,487,93 73 120 201
2026,728,2320,黑龙江大学,03,物理＋化学,512,102 103 97 210
2026,729,2321,哈尔滨理工大学,01,物理＋化学,520,102 111 85 222
2026,730,2322,黑龙江科技大学,01,不限,480,101 81 97 201
2026,731,2322,黑龙江科技大学,02,物理＋化学,488,103 91 93 201
2026,732,2323,佳木斯大学,01,生物,499,105 82 111 201
2026,733,2325,哈尔滨师范大学,01,不限,549,104 93 106 246
2026,734,2325,哈尔滨师范大学,02,物理＋化学,540,110 92 119 219
2026,735,2326,齐齐哈尔大学,01,地理,497,98 102 90 207
2026,736,2326,齐齐哈尔大学,02,物理＋化学,479,101 59 121 198
2026,737,2327,大庆师范学院,01,物理＋化学,429,
2026,738,2328,哈尔滨商业大学,01,不限,504,94 104 81 225
2026,739,2329,齐齐哈尔医学院,01,不限,489,96 95 109 189
2026,740,2329,齐齐哈尔医学院,02,物理＋化学＋生物,519,103 87 113 216
2026,741,2331,黑龙江中医药大学,01,不限,562,111 107 98 246
2026,742,2340,黑龙江外国语学院,01,不限,429,
2026,743,2343,哈尔滨华德学院,01,物理＋化学,429,
2026,744,2345,黑龙江八一农垦大学,01,物理＋化学,466,100 86 94 186
2026,745,2346,牡丹江医科大学,01,物理＋化学,513,109 87 110 207
2026,746,2347,哈尔滨职业技术大学,01,物理,435,83 85 87 180
2026,747,2350,哈尔滨金融学院,01,不限,479,101 71 112 195
2026,748,3101,上海体育大学,01,不限,558,110 99 115 234
2026,749,3101,上海体育大学,02,不限,556,115 100 104 237
2026,750,3101,上海体育大学,03,物理＋化学,553,107 101 111 234
2026,751,3101,上海体育大学,04,物理＋化学(中外合办),547,110 100 118 219 外语线:100
2026,752,3102,上海音乐学院,01,不限,583,113 114 128 228
2026,753,3102,上海音乐学院,02,历史,558,108 92 115 243
2026,754,3103,上海戏剧学院,01,不限,567,108 91 119 249
2026,755,3110,复旦大学,01,不限,663,123 126 135 279
2026,756,3110,复旦大学,02,物理＋化学,673,121 125 145 282
2026,757,3111,同济大学,01,不限,650,119 120 144 267
2026,758,3111,同济大学,02,物理＋化学,661,119 128 129 285
2026,759,3111,同济大学,03,物理＋化学(中外合办),650,119 127 140 264
2026,760,3112,上海交通大学,01,不限,678,121 132 146 279
2026,761,3112,上海交通大学,02,物理＋化学,679,
2026,762,3112,上海交通大学,03,物理＋化学,677,120 121 145 291
2026,763,3112,上海交通大学,04,物理＋化学(中外合办),662,118 127 138 279
2026,764,3113,华东理工大学,01,不限,616,113 116 132 255
2026,765,3113,华东理工大学,02,物理＋化学,615,112 118 136 249
2026,766,3114,东华大学,01,不限,609,113 95 128 273
2026,767,3114,东华大学,02,物理＋化学,604,116 117 131 240
2026,768,3115,华东师范大学,01,不限,645,117 113 136 279
2026,769,3115,华东师范大学,02,思想政治,640,126 105 130 279
2026,770,3115,华东师范大学,03,物理＋化学,645,128 120 136 261
2026,771,3116,上海外国语大学,01,不限,618,114 120 138 246
2026,772,3116,上海外国语大学,02,不限,611,116 116 136 243
2026,773,3116,上海外国语大学,03,思想政治,621,125 104 125 267
2026,774,3117,上海财经大学,01,不限,630,120 118 140 252
2026,775,3117,上海财经大学,02,物理,634,119 117 134 264
2026,776,3117,上海财经大学,03,思想政治,628,124 109 113 282
2026,777,3117,上海财经大学,04,物理＋化学,634,120 121 138 255
2026,778,3118,上海交通大学医学院,01,物理＋化学,665,118 132 145 270
2026,779,3118,上海交通大学医学院,02,物理＋化学,652,122 129 134 267
2026,780,3118,上海交通大学医学院,03,物理＋化学,642,127 116 138 261
2026,781,3119,上海中医药大学,01,化学,526,105 100 117 204
2026,782,3119,上海中医药大学,02,物理＋化学,624,108 124 137 255
2026,783,3119,上海中医药大学,03,物理＋化学,575,104 100 134 237
2026,784,3119,上海中医药大学,04,物理＋化学,567,88 101 126 252
2026,785,3120,上海大学,01,不限,616,128 82 130 276
2026,786,3120,上海大学,02,物理＋化学,609,118 105 137 249
2026,787,3120,上海大学,03,不限(中外合办),602,114 93 134 261
2026,788,3121,复旦大学医学院,01,物理＋化学,667,120 127 138 282
2026,789,3121,复旦大学医学院,02,物理＋化学,641,123 117 140 261
2026,790,3131,上海理工大学,01,不限,571,117 87 109 258
2026,791,3131,上海理工大学,02,物理＋化学,587,105 115 106 261
2026,792,3131,上海理工大学,03,不限(中外合办),561,102 89 136 234
2026,793,3131,上海理工大学,04,物理＋化学(中外合办),586,112 103 125 246
2026,794,3132,上海海事大学,01,不限,555,109 88 115 243
2026,795,3133,上海电力大学,01,不限,551,115 97 114 225
2026,796,3133,上海电力大学,02,物理＋化学,585,115 113 111 246
2026,797,3134,上海海洋大学,01,不限,549,107 102 106 234
2026,798,3134,上海海洋大学,02,物理＋化学,551,105 117 98 231
2026,799,3136,华东政法大学,01,不限,629,124 109 129 267
2026,800,3137,上海立信会计金融学院,01,不限,528,107 94 120 207
2026,801,3137,上海立信会计金融学院,02,物理,518,107 92 103 216
2026,802,3139,上海政法学院,01,不限,591,116 100 132 243
2026,803,3140,上海商学院,01,不限,507,106 90 89 222
2026,804,3140,上海商学院,02,物理＋化学,508,101 100 100 207
2026,805,3143,上海对外经贸大学,01,不限,564,118 88 121 237
2026,806,3152,上海师范大学天华学院,01,不限,462,88 72 110 192
2026,807,3153,上海立达学院,01,不限,429,
2026,808,3153,上海立达学院,02,物理,429,
2026,809,3153,上海立达学院,03,物理＋化学,429,
2026,810,3202,南京艺术学院,01,不限,529,97 92 115 225
2026,811,3210,南京大学,01,不限,664,
2026,812,3210,南京大学,02,物理＋化学,666,
2026,813,3210,南京大学,03,物理＋化学(中外合办),647,120 116 144 267
2026,814,3211,东南大学,01,物理＋化学,654,130 121 139 264
2026,815,3211,东南大学,02,物理＋化学(中外合办),627,106 124 142 255
2026,816,3212,中国矿业大学,01,不限,564,107 104 122 231
2026,817,3212,中国矿业大学,02,物理＋化学,596,105 118 121 252
2026,818,3212,中国矿业大学,03,物理＋化学(中外合办),578,107 105 126 240
2026,819,3213,河海大学,01,不限,608,119 104 118 267
2026,820,3213,河海大学,02,物理,589,106 117 132 234
2026,821,3213,河海大学,03,物理＋化学,598,113 107 129 249
2026,822,3213,河海大学,04,物理＋化学(中外合办),587,109 88 132 258
2026,823,3214,江南大学,01,不限,575,118 87 118 252
2026,824,3214,江南大学,02,思想政治,597,112 101 138 246
2026,825,3214,江南大学,03,物理＋化学,600,114 106 131 249
2026,826,3214,江南大学,04,物理＋化学,596,112 111 130 243
2026,827,3214,江南大学,05,物理＋化学,605,110 115 119 261
2026,828,3214,江南大学,06,物理＋化学,587,112 102 127 246
2026,829,3214,江南大学,07,物理＋化学,619,121 117 135 246
2026,830,3214,江南大学,08,物理＋化学,599,103 101 134 261
2026,831,3214,江南大学,09,不限(中外合办),580,118 92 130 240
2026,832,3214,江南大学,10,物理＋化学(中外合办),588,112 119 123 234
2026,833,3215,南京农业大学,01,不限,571,108 104 113 246
2026,834,3215,南京农业大学,02,物理＋化学,585,107 109 129 240
2026,835,3216,中国药科大学,01,物理＋化学,605,112 105 136 252
2026,836,3216,中国药科大学,02,物理＋化学(中外合办),594,109 114 119 252
2026,837,3217,南京航空航天大学,01,历史,600,126 104 109 261
2026,838,3217,南京航空航天大学,02,物理＋化学,646,111 131 128 276
2026,839,3217,南京航空航天大学,03,物理＋化学,646,119 119 135 273
2026,840,3217,南京航空航天大学,04,物理＋化学,635,117 119 129 270
2026,841,3217,南京航空航天大学,05,物理＋化学(中外合办),626,111 125 123 267
2026,842,3217,南京航空航天大学,06,物理＋化学(中外合办),616,109 122 130 255
2026,843,3217,南京航空航天大学,07,物理＋化学(中外合办),616,106 124 131 255
2026,844,3218,南京理工大学,01,物理,577,113 105 125 234
2026,845,3218,南京理工大学,02,历史,603,102 114 129 258
2026,846,3218,南京理工大学,03,物理＋化学,639,115 130 133 261
2026,847,3218,南京理工大学,04,物理＋化学,632,112 122 134 264
2026,848,3218,南京理工大学,05,物理＋化学(中外合办),607,114 116 125 252
2026,849,3219,苏州大学,01,不限,615,123 92 127 273
2026,850,3219,苏州大学,02,物理＋化学,623,111 111 137 264
2026,851,3219,苏州大学,03,物理＋化学,619,121 113 133 252
2026,852,3219,苏州大学,04,思想政治＋历史＋地理,613,113 110 129 261
2026,853,3219,苏州大学,05,物理＋化学(中外合办),595,113 109 118 255
2026,854,3220,江苏大学,01,不限,543,112 87 95 249
2026,855,3220,江苏大学,02,物理＋化学,562,108 102 109 243
2026,856,3221,南京信息工程大学,01,物理＋化学,602,119 111 123 249
2026,857,3221,南京信息工程大学,02,物理＋化学(中外合办),597,109 115 130 243
2026,858,3222,南京医科大学,01,不限,561,114 86 118 243
2026,859,3222,南京医科大学,02,物理＋化学,609,114 119 136 240
2026,860,3222,南京医科大学,03,物理＋化学,609,107 116 137 249
2026,861,3222,南京医科大学,04,物理＋化学,574,121 91 134 228
2026,862,3222,南京医科大学,05,物理＋化学,522,108 97 101 216
2026,863,3222,南京医科大学,06,物理＋化学,528,97 96 107 228
2026,864,3223,南京师范大学,01,不限,581,120 85 124 252
2026,865,3223,南京师范大学,02,地理,587,111 90 128 258
2026,866,3223,南京师范大学,03,物理＋化学,601,109 116 136 240
2026,867,3224,西交利物浦大学,01,不限(中外合办),594,113 112 126 243
2026,868,3224,西交利物浦大学,02,物理(中外合办),599,110 106 134 249
2026,869,3224,西交利物浦大学,03,物理＋化学(中外合办),595,104 110 132 249
2026,870,3230,江苏科技大学,01,不限,507,96 72 102 237
2026,871,3230,江苏科技大学,02,物理＋化学,511,104 102 113 192
2026,872,3231,南京工业大学,01,不限,524,105 91 106 222
2026,873,3231,南京工业大学,02,物理,536,102 98 111 225
2026,874,3231,南京工业大学,03,物理＋化学,544,103 99 108 234
2026,875,3232,常州大学,01,物理＋化学,510,104 103 105 198
2026,876,3233,南京邮电大学,01,物理＋化学,609,121 111 128 249
2026,877,3234,南京林业大学,01,不限,561,105 93 129 234
2026,878,3234,南京林业大学,02,物理＋化学,563,107 93 114 249
2026,879,3235,南通大学,01,物理＋化学,529,113 88 112 216
2026,880,3237,南京中医药大学,01,不限,590,111 115 109 255
2026,881,3237,南京中医药大学,02,不限,545,108 103 124 210
2026,882,3238,南京财经大学,01,不限,535,97 100 98 240
2026,883,3239,苏州科技大学,01,历史,519,99 77 121 222
2026,884,3239,苏州科技大学,02,物理＋化学,496,107 74 111 204
2026,885,3240,金陵科技学院,01,不限,480,108 81 93 198
2026,886,3240,金陵科技学院,02,物理＋化学,481,102 93 100 186
2026,887,3241,常州工学院,01,不限,484,100 101 103 180
2026,888,3242,扬州大学,01,不限,552,106 105 95 246
2026,889,3242,扬州大学,02,物理＋化学,552,103 112 106 231
2026,890,3242,扬州大学,03,思想政治＋历史,551,99 77 105 270
2026,891,3243,南京工程学院,01,物理＋化学,583,107 110 129 237
2026,892,3243,南京工程学院,02,物理＋化学(中外合办),563,108 112 127 216
2026,893,3244,南京审计大学,01,不限,556,104 93 119 240
2026,894,3244,南京审计大学,02,物理,552,99 98 118 237
2026,895,3244,南京审计大学,03,不限(中外合办),580,111 100 126 243
2026,896,3246,江苏海洋大学,01,不限,492,95 77 98 222
2026,897,3247,盐城师范学院,01,不限,497,101 71 97 228
2026,898,3247,盐城师范学院,02,物理＋化学,437,103 81 100 153
2026,899,3248,徐州医科大学,01,物理＋化学,582,110 108 118 246
2026,900,3249,南京晓庄学院,01,不限,486,95 87 94 210
2026,901,3252,无锡太湖学院,01,不限,463,98 74 75 216
2026,902,3255,南京航空航天大学金城学,01,不限,474,102 86 94 192
2026,903,3255,南京航空航天大学金城学,02,物理＋化学,430,89 81 86 174
2026,904,3262,江苏大学京江学院,01,不限,474,102 60 84 228
2026,905,3266,南京审计大学金审学院,01,不限,498,91 77 114 216
2026,906,3266,南京审计大学金审学院,02,不限(中外合办),492,106 83 93 210
2026,907,3271,南通大学杏林学院,01,物理＋化学,462,82 91 109 180
2026,908,3284,南京特殊教育师范学院,01,不限,510,103 91 91 225
2026,909,3301,中国美术学院,01,不限,580,113 88 130 249
2026,910,3310,浙江大学,01,不限,668,119 124 140 285
2026,911,3310,浙江大学,02,物理＋化学,673,
2026,912,3311,温州医科大学,01,物理＋化学,583,101 105 128 249
2026,913,3311,温州医科大学,02,物理＋化学(中外合办),585,110 104 143 228 外语线:120
2026,914,3312,宁波诺丁汉大学,01,不限(中外合办),604,119 103 133 249 外语线:115
2026,915,3312,宁波诺丁汉大学,02,物理(中外合办),602,116 97 137 252 外语线:115
2026,916,3312,宁波诺丁汉大学,03,物理＋化学(中外合办),606,113 107 128 258 外语线:115
2026,917,3313,浙江大学医学院,01,物理＋化学,653,123 117 134 279
2026,918,3313,浙江大学医学院,02,物理＋化学(中外合办),647,128 115 143 261
2026,919,3320,杭州电子科技大学,01,不限,560,107 110 118 225
2026,920,3320,杭州电子科技大学,02,物理,583,109 111 126 237
2026,921,3320,杭州电子科技大学,03,物理＋化学,604,121 105 126 252
2026,922,3320,杭州电子科技大学,04,物理＋化学(中外合办),596,112 110 134 240
2026,923,3321,浙江工业大学,01,物理＋化学,584,112 94 135 243
2026,924,3321,浙江工业大学,02,物理＋化学(中外合办),576,115 110 123 228 外语线:100
2026,925,3322,浙江理工大学,01,不限,546,105 88 104 249
2026,926,3322,浙江理工大学,02,物理＋化学,562,111 92 122 237
2026,927,3323,浙江师范大学,01,不限,548,118 80 110 240
2026,928,3323,浙江师范大学,02,思想政治,564,116 100 120 228
2026,929,3323,浙江师范大学,03,物理＋化学,536,103 100 108 225
2026,930,3323,浙江师范大学,04,不限(中外合办),501,103 60 110 228 外语线:110
2026,931,3324,杭州师范大学,01,化学,518,100 100 114 204
2026,932,3324,杭州师范大学,02,物理＋化学,510,98 108 106 198
2026,933,3325,浙江工商大学,01,不限,546,96 101 109 240
2026,934,3327,中国计量大学,01,物理＋化学,573,105 113 127 228
2026,935,3327,中国计量大学,02,物理＋化学(中外合办),553,103 92 124 234
2026,936,3328,浙江财经大学,01,不限,546,99 83 136 228
2026,937,3328,浙江财经大学,02,物理,542,109 92 122 219
2026,938,3328,浙江财经大学,03,物理＋化学,547,105 100 129 213
2026,939,3328,浙江财经大学,04,不限(中外合办),547,106 100 104 237
2026,940,3329,宁波大学,01,不限,535,109 81 126 219 外语线:115
2026,941,3329,宁波大学,02,不限,533,95 83 109 246
2026,942,3329,宁波大学,03,物理＋化学,528,110 95 83 240
2026,943,3330,浙江传媒学院,01,不限,585,108 106 122 249
2026,944,3330,浙江传媒学院,02,不限,547,115 105 105 222
2026,945,3330,浙江传媒学院,03,物理＋化学,550,107 92 126 225
2026,946,3330,浙江传媒学院,04,物理＋化学,555,105 120 117 213
2026,947,3330,浙江传媒学院,05,不限(中外合办),565,108 92 134 231 外语线:105
2026,948,3331,浙江农林大学,01,不限,512,104 84 93 231
2026,949,3333,湖州师范大学,01,不限,492,94 87 107 204
2026,950,3333,湖州师范大学,02,物理＋化学,496,95 104 90 207
2026,951,3334,温州肯恩大学,01,不限(中外合办),573,99 101 127 246 外语线:105
2026,952,3335,温州大学,01,不限,514,115 88 104 207
2026,953,3335,温州大学,02,不限,503,105 69 116 213 外语线:110
2026,954,3401,合肥工业大学,01,物理,574,105 109 114 246
2026,955,3401,合肥工业大学,02,思想政治,580,110 93 128 249
2026,956,3401,合肥工业大学,03,物理＋化学,613,113 119 126 255
2026,957,3401,合肥工业大学,04,不限(中外合办),564,108 90 132 234
2026,958,3401,合肥工业大学,05,物理(中外合办),582,106 111 122 243
2026,959,3402,中国科学技术大学,01,物理＋化学,667,
2026,960,3403,安徽大学,01,不限,588,110 99 139 240
2026,961,3403,安徽大学,02,物理＋化学(中外合办),588,102 120 123 243 外语线:115
2026,962,3410,安徽工业大学,01,不限,490,96 78 79 237
2026,963,3411,安徽理工大学,01,不限,502,101 84 104 213
2026,964,3411,安徽理工大学,02,物理＋化学,493,84 82 105 222
2026,965,3412,安徽农业大学,01,物理＋化学,544,109 103 89 243
2026,966,3413,安徽医科大学,01,物理＋化学,566,100 113 122 231
2026,967,3415,安徽师范大学,01,不限,505,108 76 93 228
2026,968,3417,安徽财经大学,01,不限,509,105 93 107 204
2026,969,3418,安徽建筑大学,01,不限,475,97 61 104 213
2026,970,3418,安徽建筑大学,02,物理,469,101 82 97 189
2026,971,3418,安徽建筑大学,03,物理＋化学,467,92 79 116 180
2026,972,3418,安徽建筑大学,04,物理＋地理,500,87 99 101 213
2026,973,3419,安徽中医药大学,01,不限,570,90 110 127 243
2026,974,3419,安徽中医药大学,02,化学,521,107 93 117 204
2026,975,3419,安徽中医药大学,03,物理＋化学,556,105 114 115 222
2026,976,3501,厦门大学,01,不限,635,116 111 135 273
2026,977,3501,厦门大学,02,物理,645,118 121 139 267
2026,978,3501,厦门大学,03,物理＋化学,646,103 131 130 282
2026,979,3502,福州大学,01,不限,579,120 112 125 222
2026,980,3502,福州大学,02,物理＋化学,604,120 107 131 246
2026,981,3510,华侨大学,01,不限,535,105 92 110 228
2026,982,3510,华侨大学,02,不限,531,114 97 110 210
2026,983,3510,华侨大学,03,物理＋化学,543,108 94 125 216
2026,984,3511,福建理工大学,01,物理＋化学,511,95 100 112 204
2026,985,3512,福建农林大学,01,物理＋化学,526,104 94 112 216
2026,986,3513,集美大学,01,不限,529,120 77 122 210
2026,987,3514,福建医科大学,01,化学,522,85 90 119 228
2026,988,3514,福建医科大学,02,物理＋化学＋生物,537,111 106 104 216
2026,989,3516,厦门理工学院,01,物理＋化学,512,105 98 132 177
2026,990,3518,泉州师范学院,01,物理＋化学,451,97 95 91 168
2026,991,3520,福建中医药大学,01,生物,568,115 89 118 246
2026,992,3530,厦门大学嘉庚学院,01,不限,464,99 63 95 207
2026,993,3531,集美大学诚毅学院,01,不限,467,91 82 96 198
2026,994,3605,南昌大学,01,不限,597,109 100 118 270
2026,995,3605,南昌大学,02,物理＋化学(中外合办),590,113 113 121 243
2026,996,3605,南昌大学,03,物理＋化学(中外合办),532,110 92 120 210
2026,997,3605,南昌大学,04,物理＋化学(中外合办),588,109 115 115 249
2026,998,3610,华东交通大学,01,不限,527,110 88 68 261
2026,999,3610,华东交通大学,02,物理＋化学,549,101 102 106 240
2026,1000,3611,东华理工大学,01,不限,488,104 71 97 216
2026,1001,3611,东华理工大学,02,物理＋化学,512,103 99 133 177
2026,1002,3612,南昌航空大学,01,不限,500,99 106 118 177
2026,1003,3612,南昌航空大学,02,物理＋化学,534,97 91 127 219
2026,1004,3613,江西理工大学,01,不限,489,107 80 86 216
2026,1005,3613,江西理工大学,02,物理＋化学,487,89 100 67 231
2026,1006,3614,江西农业大学,01,不限,485,97 98 86 204
2026,1007,3614,江西农业大学,02,物理＋化学,442,92 83 99 168
2026,1008,3615,江西中医药大学,01,不限,560,114 85 118 243
2026,1009,3615,江西中医药大学,02,物理＋化学,541,102 98 104 237
2026,1010,3616,江西师范大学,01,不限,536,97 105 100 234
2026,1011,3616,江西师范大学,02,物理＋化学,522,95 105 103 219
2026,1012,3617,上饶师范学院,01,不限,478,105 82 96 195 外语线:90
2026,1013,3617,上饶师范学院,02,物理,471,82 100 100 189
2026,1014,3620,井冈山大学,01,不限,478,101 78 86 213
2026,1015,3620,井冈山大学,02,物理＋化学,481,94 106 98 183
2026,1016,3621,江西财经大学,01,不限,545,114 99 116 216
2026,1017,3621,江西财经大学,02,物理(中外合办),547,106 103 113 225
2026,1018,3621,江西财经大学,03,物理＋化学(中外合办),539,112 97 120 210
2026,1019,3623,江西水利电力大学,01,不限,494,115 69 85 225
2026,1020,3623,江西水利电力大学,02,物理＋化学,493,93 93 91 216
2026,1021,3624,九江学院,01,不限,477,104 72 103 198
2026,1022,3630,南昌理工学院,01,不限,458,91 71 95 201
2026,1023,3633,南昌交通学院,01,不限,463,93 70 102 198
2026,1024,3633,南昌交通学院,02,物理＋化学,443,86 84 87 186
2026,1025,3634,赣东学院,01,不限,476,105 64 112 195
2026,1026,3635,南昌航空大学科技学院,01,物理＋化学,436,92 91 103 150
2026,1027,3636,赣南科技学院,01,不限,477,86 75 94 222
2026,1028,3636,赣南科技学院,02,物理＋化学,433,81 87 88 177
2026,1029,3638,南昌医学院,01,物理＋化学,558,113 97 138 210
2026,1030,3638,南昌医学院,02,物理＋化学,549,117 96 126 210
2026,1031,3638,南昌医学院,03,物理＋生物,552,107 101 122 222
2026,1032,3639,江西财经大学现代经济管理学院,01,不限,465,97 78 80 210
2026,1033,3640,江西农业大学南昌商学院,01,不限,461,103 80 74 204
2026,1034,3640,江西农业大学南昌商学院,02,物理,430,91 89 67 183
2026,1035,3650,江西科技学院,01,不限,447,103 55 82 207
2026,1036,3650,江西科技学院,02,物理＋化学,429,
2026,1037,3658,江西应用科技学院,01,不限,436,89 72 77 198
2026,1038,3658,江西应用科技学院,02,物理＋化学,429,
2026,1039,3665,南昌工学院,01,物理＋化学,429,
2026,1040,3701,山东艺术学院,01,不限,551,97 96 115 243
2026,1041,3710,山东大学,01,不限,625,116 116 138 255
2026,1042,3710,山东大学,02,物理＋化学,643,121 124 134 264
2026,1043,3711,中国海洋大学,01,不限,630,115 109 136 270
2026,1044,3711,中国海洋大学,02,物理＋化学,621,119 117 133 252
2026,1045,3711,中国海洋大学,03,物理＋化学,623,112 116 134 261
2026,1046,3711,中国海洋大学,04,物理＋化学,620,114 117 140 249
2026,1047,3711,中国海洋大学,05,不限(中外合办),620,118 97 141 264
2026,1048,3711,中国海洋大学,06,物理＋化学(中外合办),613,114 96 136 267
2026,1049,3712,中国石油大学(华东),01,不限,602,123 94 130 255
2026,1050,3712,中国石油大学(华东),02,物理＋化学,596,107 125 127 237
2026,1051,3713,山东大学威海分校,01,物理＋化学,637,112 125 136 264
2026,1052,3713,山东大学威海分校,02,不限(中外合办),615,117 100 137 261
2026,1053,3714,哈尔滨工业大学(威海),01,物理＋化学,652,113 125 138 276
2026,1054,3714,哈尔滨工业大学(威海),02,物理＋化学(中外合办),620,107 115 134 264
2026,1055,3714,哈尔滨工业大学(威海),03,物理＋化学(中外合办),627,113 124 120 270
2026,1056,3720,山东科技大学,01,物理,507,104 102 124 177
2026,1057,3720,山东科技大学,02,物理＋化学,547,105 101 125 216
2026,1058,3721,青岛科技大学,01,不限,525,111 76 107 231
2026,1059,3721,青岛科技大学,02,物理＋化学,531,107 82 123 219
2026,1060,3722,济南大学,01,不限,517,101 90 107 219
2026,1061,3722,济南大学,02,物理＋化学,544,100 100 110 234
2026,1062,3723,青岛理工大学,01,物理,505,99 92 110 204
2026,1063,3723,青岛理工大学,02,物理＋化学,509,93 103 82 231
2026,1064,3724,山东建筑大学,01,不限,512,100 90 112 210
2026,1065,3724,山东建筑大学,02,物理＋化学,506,108 88 94 216
2026,1066,3724,山东建筑大学,03,不限(中外合办),511,106 75 120 210
2026,1067,3725,山东农业大学,01,物理＋化学,527,108 92 108 219
2026,1068,3726,青岛农业大学,01,物理＋化学,483,97 76 106 204
2026,1069,3726,青岛农业大学,02,物理＋化学(中外合办),504,111 90 102 201
2026,1070,3727,山东第一医科大学,01,不限,502,105 84 97 216
2026,1071,3727,山东第一医科大学,02,物理＋化学,550,109 97 104 240
2026,1072,3728,山东医药大学,01,物理＋化学,571,111 104 119 237
2026,1073,3729,山东中医药大学,01,物理＋化学,534,104 101 113 216
2026,1074,3730,济宁医学院,01,物理＋化学,544,112 99 108 225
2026,1075,3731,山东师范大学,01,不限,531,119 95 95 222
2026,1076,3731,山东师范大学,02,物理＋化学,551,124 102 100 225
2026,1077,3731,山东师范大学,03,不限(中外合办),502,101 76 100 225
2026,1078,3733,山东航空学院,01,不限,481,102 73 93 213
2026,1079,3733,山东航空学院,02,物理＋化学,494,110 92 82 210
2026,1080,3734,鲁东大学,01,不限,490,100 104 109 177
2026,1081,3736,山东财经大学,01,不限,540,106 92 108 234
2026,1082,3736,山东财经大学,02,物理,533,100 108 118 207
2026,1083,3736,山东财经大学,03,物理＋化学,527,103 96 97 231
2026,1084,3737,青岛大学,01,物理,528,108 84 108 228
2026,1085,3737,青岛大学,02,物理＋化学,580,117 114 115 234
2026,1086,3738,烟台大学,01,不限,506,103 74 107 222
2026,1087,3740,山东交通学院,01,不限,482,98 65 100 219
2026,1088,3743,山东第二医科大学,01,物理＋化学,502,103 89 109 201
2026,1089,3745,山东理工大学,01,物理＋化学,519,87 100 113 219
2026,1090,3746,齐鲁工业大学,01,物理＋化学,532,96 107 107 222
2026,1091,3747,山东政法学院,01,不限,491,94 83 89 225
2026,1092,3747,山东政法学院,02,物理,477,98 94 105 180
2026,1093,3747,山东政法学院,03,物理(中外合办),451,91 92 94 174
2026,1094,3750,山东石油化工学院,01,不限,495,106 79 118 192
2026,1095,3750,山东石油化工学院,02,物理＋化学,472,74 97 103 198
2026,1096,3753,青岛农业大学海都学院,01,不限,459,93 86 79 201
2026,1097,3778,齐鲁医药学院,01,化学,514,106 82 110 216
2026,1098,3778,齐鲁医药学院,02,物理＋化学,480,98 94 108 180
2026,1099,4105,郑州大学,01,不限,588,110 97 129 252
2026,1100,4105,郑州大学,02,物理,568,119 107 111 231
2026,1101,4105,郑州大学,03,物理＋化学,603,115 114 113 261
2026,1102,4105,郑州大学,04,物理＋化学,602,107 106 137 252
2026,1103,4110,华北水利水电大学,01,不限,502,98 92 105 207
2026,1104,4110,华北水利水电大学,02,物理,511,95 83 114 219
2026,1105,4110,华北水利水电大学,03,物理＋化学,528,105 99 105 219
2026,1106,4110,华北水利水电大学,04,不限(中外合办),483,101 77 101 204
2026,1107,4111,河南理工大学,01,不限,492,90 95 100 207
2026,1108,4111,河南理工大学,02,物理＋化学,490,90 80 104 216
2026,1109,4112,郑州轻工业大学,01,不限,483,114 83 70 216
2026,1110,4112,郑州轻工业大学,02,物理＋化学,496,106 94 80 216
2026,1111,4112,郑州轻工业大学,03,物理＋化学(中外合办),475,104 75 119 177
2026,1112,4113,河南工业大学,01,物理＋化学(中外合办),469,100 88 83 198
2026,1113,4114,河南科技大学,01,不限,495,90 87 117 201
2026,1114,4114,河南科技大学,02,物理＋化学,429,
2026,1115,4115,中原工学院,01,物理＋化学(中外合办),439,86 79 88 186
2026,1116,4116,河南农业大学,01,物理,499,110 73 109 207
2026,1117,4116,河南农业大学,02,物理＋化学,496,102 90 100 204
2026,1118,4117,河南中医药大学,01,不限,565,109 99 99 258
2026,1119,4118,河南大学,01,不限,557,118 100 114 225
2026,1120,4118,河南大学,02,历史,556,108 81 121 246
2026,1121,4118,河南大学,03,地理,553,116 97 118 222
2026,1122,4118,河南大学,04,不限(中外合办),546,99 100 110 237
2026,1123,4121,郑州航空工业管理学院,01,物理,475,96 83 95 201
2026,1124,4123,河南财经政法大学,01,不限,508,111 92 83 222
2026,1125,4123,河南财经政法大学,02,不限,535,101 91 97 246
2026,1126,4123,河南财经政法大学,03,物理＋化学,455,98 79 119 159
2026,1127,4125,河南科技学院,01,不限,474,108 84 84 198
2026,1128,4125,河南科技学院,02,物理＋化学,443,88 85 72 198
2026,1129,4128,河南师范大学,01,不限,500,103 83 86 228
2026,1130,4128,河南师范大学,02,物理＋化学,507,107 99 97 204
2026,1131,4129,南阳师范学院,01,不限,477,102 60 90 225
2026,1132,4133,郑州工商学院,01,不限,472,97 92 58 225
2026,1133,4134,河南城建学院,01,不限,475,109 61 101 204
2026,1134,4134,河南城建学院,02,物理＋化学,441,106 76 79 180
2026,1135,4135,平顶山学院,01,不限,477,104 62 98 213
2026,1136,4135,平顶山学院,02,物理＋化学,443,90 96 77 180
2026,1137,4140,河南医药大学,01,物理＋化学,534,107 104 110 213
2026,1138,4142,郑州工程技术学院,01,不限,478,98 81 80 219
2026,1139,4142,郑州工程技术学院,02,物理＋化学,447,91 84 92 180
2026,1140,4144,洛阳理工学院,01,不限,483,97 80 102 204
2026,1141,4144,洛阳理工学院,02,物理＋化学,450,109 80 84 177
2026,1142,4148,黄河水利职业技术大学,01,物理,439,80 91 94 174
2026,1143,4149,郑州财经学院,01,不限,466,96 83 98 189
2026,1144,4149,郑州财经学院,02,物理,433,79 80 76 198
2026,1145,4149,郑州财经学院,03,物理＋化学,435,88 83 84 180
2026,1146,4201,武汉体育学院,01,不限,491,103 74 92 222
2026,1147,4201,武汉体育学院,02,物理＋化学,539,108 95 120 216
2026,1148,4201,武汉体育学院,03,物理＋化学(中外合办),506,106 93 118 189
2026,1149,4210,武汉大学,01,不限,649,120 112 141 276
2026,1150,4210,武汉大学,02,物理＋化学,649,116 127 142 264
2026,1151,4210,武汉大学,03,物理＋化学,651,119 119 140 273
2026,1152,4210,武汉大学,04,物理＋化学(中外合办),643,118 122 139 264
2026,1153,4210,武汉大学,05,物理＋化学(中外合办),621,118 98 141 264
2026,1154,4211,华中科技大学,01,历史,633,118 104 129 282
2026,1155,4211,华中科技大学,02,物理＋化学,653,
2026,1156,4211,华中科技大学,03,物理＋化学,644,123 118 121 282
2026,1157,4211,华中科技大学,04,物理＋化学(中外合办),633,112 121 136 264
2026,1158,4211,华中科技大学,05,物理＋化学(中外合办),625,115 111 144 255
2026,1159,4212,中国地质大学(武汉),01,不限,592,116 92 129 255
2026,1160,4212,中国地质大学(武汉),02,物理＋化学,590,117 90 131 252
2026,1161,4212,中国地质大学(武汉),03,物理＋化学,599,109 118 123 249
2026,1162,4212,中国地质大学(武汉),04,物理＋化学(中外合办),594,114 108 129 243
2026,1163,4212,中国地质大学(武汉),05,物理＋化学(中外合办),592,101 115 124 252
2026,1164,4212,中国地质大学(武汉),06,物理＋化学(中外合办),592,110 110 141 231
2026,1165,4212,中国地质大学(武汉),07,物理＋化学(中外合办),587,114 98 129 246
2026,1166,4212,中国地质大学(武汉),08,物理＋化学(中外合办),588,106 117 125 240
2026,1167,4212,中国地质大学(武汉),09,物理＋化学(中外合办),595,111 113 137 234
2026,1168,4213,武汉理工大学,01,不限,602,120 96 131 255
2026,1169,4213,武汉理工大学,02,物理＋化学,606,114 113 130 249
2026,1170,4213,武汉理工大学,03,不限(中外合办),593,105 112 130 246
2026,1171,4213,武汉理工大学,04,物理＋化学(中外合办),607,114 104 128 261
2026,1172,4213,武汉理工大学,05,物理＋化学(中外合办),604,110 108 134 252
2026,1173,4214,华中农业大学,01,不限,562,110 88 136 228
2026,1174,4214,华中农业大学,02,物理,590,119 98 127 246
2026,1175,4214,华中农业大学,03,物理＋化学,587,108 113 126 240
2026,1176,4215,华中师范大学,01,不限,604,119 103 127 255
2026,1177,4215,华中师范大学,02,物理,595,117 115 117 246
2026,1178,4215,华中师范大学,03,思想政治,605,118 113 116 258
2026,1179,4215,华中师范大学,04,物理＋化学,602,113 109 128 252
2026,1180,4216,中南财经政法大学,01,不限,620,103 123 136 258
2026,1181,4216,中南财经政法大学,02,物理＋化学,606,120 110 136 240
2026,1182,4216,中南财经政法大学,03,不限(中外合办),618,118 94 142 264
2026,1183,4216,中南财经政法大学,06,不限(中外合办),574,121 96 117 240
2026,1184,4220,中南民族大学,01,不限,513,95 72 106 240
2026,1185,4220,中南民族大学,02,物理＋化学,507,106 85 103 213
2026,1186,4221,武汉科技大学,01,物理＋化学,575,112 112 114 237
2026,1187,4222,长江大学,01,物理＋化学,554,111 98 132 213
2026,1188,4222,长江大学,02,物理＋化学(中外合办),530,99 101 117 213
2026,1189,4223,武汉工程大学,01,物理＋化学,537,98 102 100 237
2026,1190,4225,武汉轻工大学,01,物理＋化学,515,108 110 102 195
2026,1191,4228,湖北汽车工业学院,01,物理＋化学,500,89 93 111 207
2026,1192,4229,湖北工程学院,01,物理＋化学,463,96 99 73 195
2026,1193,4232,湖北医药学院,01,物理＋化学,523,96 103 123 201
2026,1194,4233,三峡大学,01,不限,555,110 96 109 240
2026,1195,4233,三峡大学,02,物理＋化学,507,94 88 106 219
2026,1196,4234,湖北经济学院,01,不限,503,89 106 98 210
2026,1197,4238,湖北工业大学,01,物理＋化学,571,102 109 114 246
2026,1198,4241,湖北大学,01,不限,529,103 91 116 219
2026,1199,4241,湖北大学,02,物理,519,100 79 121 219
2026,1200,4252,武昌理工学院,01,物理＋化学,450,81 104 91 174
2026,1201,4252,武昌理工学院,02,物理＋化学(中外合办),429,
2026,1202,4256,湖北医药学院药护学院,01,物理＋化学,487,95 86 108 198
2026,1203,4257,文华学院,01,不限,446,99 86 96 165
2026,1204,4257,文华学院,02,物理＋化学,429,
2026,1205,4259,武汉华夏理工学院,01,不限,450,97 78 101 174
2026,1206,4259,武汉华夏理工学院,02,物理＋化学,429,
2026,1207,4260,武汉城市学院,01,不限,462,99 72 75 216
2026,1208,4260,武汉城市学院,02,化学,435,91 79 82 183
2026,1209,4261,三峡大学科技学院,01,物理＋化学,429,
2026,1210,4291,武汉职业技术大学,01,物理,437,84 82 91 180
2026,1211,4310,湖南大学,01,不限,629,119 115 134 261
2026,1212,4310,湖南大学,02,物理,626,117 126 128 255
2026,1213,4310,湖南大学,03,历史,620,123 108 131 258
2026,1214,4310,湖南大学,04,物理＋化学,634,115 130 131 258
2026,1215,4310,湖南大学,05,物理＋化学,635,117 126 134 258
2026,1216,4311,中南大学,01,物理＋化学,642,117 120 138 267
2026,1217,4311,中南大学,02,物理＋化学＋生物,628,116 107 138 267
2026,1218,4311,中南大学,03,物理＋化学＋生物,633,116 122 131 264
2026,1219,4311,中南大学,04,物理＋化学(中外合办),624,112 120 134 258
2026,1220,4311,中南大学,05,物理＋化学(中外合办),626,111 119 132 264
2026,1221,4312,湖南师范大学,01,不限,562,113 84 119 246
2026,1222,4312,湖南师范大学,02,思想政治,577,115 93 129 240
2026,1223,4312,湖南师范大学,03,历史,581,114 87 137 243
2026,1224,4312,湖南师范大学,04,地理,577,116 93 122 246
2026,1225,4312,湖南师范大学,05,物理＋化学,579,107 107 119 246
2026,1226,4315,湘潭大学,01,不限,557,104 85 131 237
2026,1227,4315,湘潭大学,02,物理＋化学,571,102 118 120 231
2026,1228,4316,湖南科技大学,01,不限,506,94 96 97 219
2026,1229,4316,湖南科技大学,02,物理,504,106 104 108 186
2026,1230,4316,湖南科技大学,03,物理＋化学,500,94 100 108 198
2026,1231,4317,长沙理工大学,01,不限,554,105 87 125 237
2026,1232,4317,长沙理工大学,02,物理＋化学,588,103 109 130 246
2026,1233,4317,长沙理工大学,03,物理＋化学(中外合办),583,111 104 122 246
2026,1234,4318,湖南农业大学,01,物理＋化学,487,106 99 78 204
2026,1235,4319,中南林业科技大学,01,不限,518,102 92 90 234
2026,1236,4319,中南林业科技大学,02,物理,503,89 102 117 195
2026,1237,4319,中南林业科技大学,03,物理＋化学,479,89 109 89 192
2026,1238,4320,湖南中医药大学,01,不限,580,113 89 120 258
2026,1239,4320,湖南中医药大学,02,物理＋化学,548,111 107 120 210
2026,1240,4321,湖南理工大学,01,不限,488,91 90 91 216
2026,1241,4321,湖南理工大学,02,物理＋化学,474,91 101 84 198
2026,1242,4322,衡阳师范学院,01,不限,508,114 78 91 225
2026,1243,4322,衡阳师范学院,02,地理,499,107 88 100 204
2026,1244,4322,衡阳师范学院,03,物理＋化学＋生物,489,109 83 111 186
2026,1245,4323,湖南文理学院,01,物理＋化学,429,
2026,1246,4324,湖南科技学院,01,不限,476,98 84 87 207
2026,1247,4324,湖南科技学院,02,物理＋化学,429,
2026,1248,4325,南华大学,01,不限,529,104 113 111 201
2026,1249,4325,南华大学,02,物理＋化学,553,97 106 119 231
2026,1250,4326,长沙学院,01,不限,477,98 72 85 222
2026,1251,4327,湖南工程学院,01,不限,477,86 94 105 192
2026,1252,4327,湖南工程学院,02,物理,470,84 88 85 213
2026,1253,4328,湖南工业大学,01,不限,481,115 65 97 204
2026,1254,4328,湖南工业大学,02,物理＋化学,509,118 92 98 201
2026,1255,4329,湖南工商大学,01,不限,510,102 88 92 228
2026,1256,4329,湖南工商大学,02,不限(中外合办),505,94 82 92 237
2026,1257,4329,湖南工商大学,03,物理(中外合办),497,95 101 115 186
2026,1258,4330,湖南城市学院,01,物理,456,84 68 91 213
2026,1259,4331,湖南人文科技学院,01,不限,476,110 62 76 228
2026,1260,4332,湘南学院,01,物理＋化学,508,92 95 96 225
2026,1261,4334,湖南第一师范学院,01,不限,479,97 62 89 231
2026,1262,4335,长沙师范学院,01,物理＋化学,437,91 94 63 189
2026,1263,4340,长沙医学院,01,物理＋化学,460,93 89 98 180
2026,1264,4348,常德学院,01,不限,459,100 74 75 210
2026,1265,4348,常德学院,02,思想政治,458,103 70 96 189
2026,1266,4353,湖南工学院,01,物理＋化学,468,90 72 123 183
2026,1267,4354,湖南财政经济学院,01,不限,497,92 96 93 216
2026,1268,4354,湖南财政经济学院,02,物理,471,94 76 103 198
2026,1269,4401,广州体育学院,01,不限,498,109 63 95 231
2026,1270,4404,香港城市大学(东莞),01,物理＋化学(中外合办),624,126 121 137 240
2026,1271,4410,中山大学,01,不限,638,124 112 135 267
2026,1272,4410,中山大学,02,物理＋化学,648,119 120 136 273
2026,1273,4410,中山大学,03,物理＋化学,653,118 109 144 282
2026,1274,4411,华南理工大学,01,不限,634,111 111 136 276
2026,1275,4411,华南理工大学,02,思想政治,630,121 117 134 258
2026,1276,4411,华南理工大学,03,物理＋化学,642,113 121 132 276
2026,1277,4411,华南理工大学,04,物理＋化学,639,113 120 139 267
2026,1278,4412,暨南大学,01,不限,602,116 110 124 252
2026,1279,4412,暨南大学,02,不限,608,117 105 116 270
2026,1280,4412,暨南大学,03,物理＋化学,604,115 120 135 234
2026,1281,4412,暨南大学,04,物理＋化学,599,117 104 123 255
2026,1282,4413,华南农业大学,01,物理＋化学,574,112 90 120 252
2026,1283,4414,广州中医药大学,01,不限,568,110 112 127 219
2026,1284,4414,广州中医药大学,02,物理＋化学,581,117 106 127 231
2026,1285,4415,广东外语外贸大学,01,不限,561,103 88 130 240
2026,1286,4415,广东外语外贸大学,02,物理,555,108 96 126 225
2026,1287,4416,南方医科大学,01,物理＋化学,630,113 118 132 267
2026,1288,4416,南方医科大学,02,物理＋化学,429,
2026,1289,4417,深圳北理莫斯科大学,01,物理＋化学(中外合办),562,111 99 121 231 数学线:95；外语 线:110
2026,1290,4418,广东以色列理工学院,01,物理＋化学(中外合办),582,107 115 132 228
2026,1291,4419,北京师范大学(珠海校区),01,不限,633,124 104 135 270
2026,1292,4419,北京师范大学(珠海校区),02,物理,638,128 117 138 255
2026,1293,4419,北京师范大学(珠海校区),03,物理＋化学,635,116 120 123 276
2026,1294,4420,汕头大学,01,不限,536,104 95 121 216
2026,1295,4421,广东海洋大学,01,不限,497,98 82 101 216
2026,1296,4421,广东海洋大学,02,物理＋化学,509,84 107 105 213
2026,1297,4421,广东海洋大学,03,物理＋化学＋生物,484,103 82 128 171
2026,1298,4422,华南师范大学,01,不限,578,114 91 133 240
2026,1299,4422,华南师范大学,02,物理,602,116 112 134 240
2026,1300,4425,深圳大学,01,不限,613,115 106 134 258
2026,1301,4425,深圳大学,02,物理＋化学,614,116 117 141 240
2026,1302,4426,广东财经大学,01,不限,529,112 83 130 204
2026,1303,4428,广东金融学院,01,不限,505,97 98 106 204
2026,1304,4428,广东金融学院,02,物理＋化学,515,102 105 101 207
2026,1305,4430,广东工业大学,01,不限,558,98 110 104 246
2026,1306,4430,广东工业大学,02,物理＋化学,577,101 122 120 234
2026,1307,4430,广东工业大学,03,物理＋化学,566,108 101 126 231
2026,1308,4430,广东工业大学,04,物理(中外合办),516,113 69 121 213
2026,1309,4432,北师香港浸会大学,01,不限(中外合办),576,107 109 120 240
2026,1310,4432,北师香港浸会大学,02,物理(中外合办),584,114 103 124 243
2026,1311,4432,北师香港浸会大学,03,物理＋化学(中外合办),582,105 106 128 243
2026,1312,4433,东莞理工学院,01,物理＋化学,525,105 90 114 216
2026,1313,4436,广东药科大学,01,物理＋化学,503,106 83 113 201
2026,1314,4440,珠海科技学院,01,不限,470,102 56 87 225
2026,1315,4440,珠海科技学院,02,物理＋化学,439,94 80 88 177
2026,1316,4442,广东医科大学,01,物理＋化学,560,102 111 80 267
2026,1317,4443,岭南师范学院,01,不限,476,97 88 96 195
2026,1318,4443,岭南师范学院,02,历史,486,106 80 60 240
2026,1319,4444,华南农业大学珠江学院,01,不限,429,
2026,1320,4445,广东轻工职业技术大学,01,不限,476,93 70 85 228
2026,1321,4445,广东轻工职业技术大学,02,物理,433,94 87 84 168
2026,1322,4511,广西大学,01,物理＋化学,594,101 113 128 252
2026,1323,4515,桂林电子科技大学,01,不限,499,89 81 95 234
2026,1324,4515,桂林电子科技大学,02,物理＋化学,550,113 104 111 222
2026,1325,4516,桂林理工大学,01,不限,477,100 69 92 216
2026,1326,4517,广西师范大学,01,不限,490,110 77 96 207
2026,1327,4517,广西师范大学,02,思想政治,513,108 68 109 228
2026,1328,4517,广西师范大学,03,历史,499,101 72 122 204
2026,1329,4517,广西师范大学,04,物理＋化学,491,89 97 101 204
2026,1330,4520,南宁师范大学,01,物理＋地理,476,105 76 94 201
2026,1331,4520,南宁师范大学,02,思想政治＋历史,500,105 84 107 204
2026,1332,4520,南宁师范大学,03,历史＋地理,494,91 93 100 210
2026,1333,4521,梧州学院,01,不限,478,96 86 80 216
2026,1334,4521,梧州学院,02,物理＋化学,442,109 77 91 165
2026,1335,4541,桂林航天工业学院,01,不限,477,93 97 68 219
2026,1336,4541,桂林航天工业学院,02,物理＋化学,473,95 81 99 198
2026,1337,4611,海南大学,01,不限,585,125 100 117 243
2026,1338,4611,海南大学,02,物理＋化学,584,103 111 133 237
2026,1339,4611,海南大学,03,不限(中外合办),570,104 106 114 246
2026,1340,4612,海南师范大学,01,不限,497,91 82 132 192
2026,1341,4613,海南医科大学,01,物理＋化学,559,114 107 113 225
2026,1342,4614,海南洛桑旅游大学,01,不限,429,外语线:100
2026,1343,4614,海南洛桑旅游大学,02,物理＋化学,429,外语线:100
2026,1344,4620,三亚学院,01,物理＋化学,529,88 91 119 231
2026,1345,4620,三亚学院,02,不限(中外合办),429,
2026,1346,4638,海南比勒费尔德应用科学大学,01,物理,429,
2026,1347,4638,海南比勒费尔德应用科学大学,02,历史,429,
2026,1348,4638,海南比勒费尔德应用科学大学,03,物理＋化学,429,
2026,1349,4638,海南比勒费尔德应用科学大学,04,物理＋化学,429,
2026,1350,5001,四川美术学院,01,不限,514,94 105 87 228
2026,1351,5001,四川美术学院,02,物理＋化学,585,104 107 128 246
2026,1352,5010,重庆大学,01,物理＋化学,643,114 121 129 279
2026,1353,5010,重庆大学,02,物理＋化学,641,117 122 135 267
2026,1354,5010,重庆大学,03,物理＋化学,635,108 124 127 276
2026,1355,5010,重庆大学,04,物理＋化学(中外合办),628,120 121 135 252
2026,1356,5011,西南大学,01,不限,603,113 102 124 264
2026,1357,5011,西南大学,02,不限,593,119 102 132 240
2026,1358,5011,西南大学,03,历史,612,113 111 127 261
2026,1359,5011,西南大学,04,物理＋化学,592,98 117 116 261
2026,1360,5011,西南大学,05,物理＋化学,597,106 113 132 246
2026,1361,5012,西南政法大学,01,不限,615,111 102 129 273
2026,1362,5012,西南政法大学,02,不限,616,114 102 133 267
2026,1363,5012,西南政法大学,03,不限(中外合办),622,106 111 132 273
2026,1364,5020,重庆邮电大学,01,物理＋化学,593,108 119 126 240
2026,1365,5021,重庆交通大学,01,不限,512,91 97 111 213
2026,1366,5021,重庆交通大学,02,物理＋化学,504,98 89 119 198
2026,1367,5022,重庆医科大学,01,物理＋化学,581,113 119 109 240
2026,1368,5022,重庆医科大学,02,物理＋化学(中外合办),574,119 92 126 237 外语线:120
2026,1369,5023,重庆师范大学,01,不限,545,110 96 111 228
2026,1370,5023,重庆师范大学,02,物理＋化学,506,95 102 93 216
2026,1371,5024,重庆文理学院,01,物理＋化学,453,91 93 71 198
2026,1372,5026,四川外国语大学,01,不限,510,91 102 107 210
2026,1373,5026,四川外国语大学,02,不限,524,105 63 128 228
2026,1374,5026,四川外国语大学,03,不限,510,108 82 107 213
2026,1375,5027,重庆科技大学,01,物理＋化学,497,104 81 108 204
2026,1376,5028,重庆理工大学,01,不限,503,85 84 130 204
2026,1377,5028,重庆理工大学,02,物理＋化学,527,102 107 99 219
2026,1378,5029,重庆工商大学,01,不限,520,93 99 97 231
2026,1379,5031,重庆电子科技职业大学,01,物理,439,89 84 65 201
2026,1380,5042,重庆外语外事学院,01,不限,462,86 76 90 210
2026,1381,5103,四川传媒学院,01,物理＋化学(中外合办),429,
2026,1382,5110,四川大学,01,不限,620,116 114 135 255
2026,1383,5110,四川大学,02,不限,614,124 93 136 261 文化课总分线:521
2026,1384,5110,四川大学,03,物理＋化学,627,123 116 127 261
2026,1385,5110,四川大学,04,物理＋化学,632,115 113 143 261
2026,1386,5110,四川大学,05,物理＋化学,648,116 126 127 279
2026,1387,5110,四川大学,06,物理＋化学,658,116 127 133 282
2026,1388,5110,四川大学,07,物理＋化学,651,119 112 135 285
2026,1389,5110,四川大学,08,物理＋化学(中外合办),622,120 118 132 252
2026,1390,5110,四川大学,09,物理＋化学(中外合办),626,112 125 134 255
2026,1391,5111,西南交通大学,01,物理＋化学,626,120 117 131 258
2026,1392,5111,西南交通大学,02,物理＋化学,621,117 113 139 252
2026,1393,5111,西南交通大学,03,物理＋化学,621,111 112 140 258
2026,1394,5111,西南交通大学,04,物理＋化学(中外合办),592,119 109 127 237
2026,1395,5111,西南交通大学,05,物理＋化学(中外合办),579,121 103 127 228
2026,1396,5112,电子科技大学,01,物理＋化学,650,117 123 143 267
2026,1397,5113,西南财经大学,01,不限,615,122 93 118 282
2026,1398,5113,西南财经大学,02,物理,618,112 121 130 255
2026,1399,5113,西南财经大学,03,物理＋化学,610,111 119 134 246
2026,1400,5113,西南财经大学,04,不限(中外合办),589,115 93 117 264
2026,1401,5113,西南财经大学,05,物理(中外合办),583,102 106 128 237
2026,1402,5114,成都中医药大学,01,不限,585,116 98 134 237
2026,1403,5115,电子科技大学(沙河校区),01,物理＋化学,648,123 118 137 270
2026,1404,5115,电子科技大学(沙河校区),02,物理＋化学(中外合办),646,113 118 142 273
2026,1405,5115,电子科技大学(沙河校区),03,物理＋化学(中外合办),639,109 124 121 285
2026,1406,5116,四川农业大学,01,物理＋化学,578,110 104 115 249
2026,1407,5120,西南民族大学,01,不限,515,99 86 111 219
2026,1408,5120,西南民族大学,02,物理＋化学,507,100 91 124 192
2026,1409,5121,中国民用航空飞行学院,01,不限,524,107 99 96 222
2026,1410,5121,中国民用航空飞行学院,02,物理,537,104 104 101 228
2026,1411,5121,中国民用航空飞行学院,03,物理＋化学,517,103 80 121 213
2026,1412,5122,西南石油大学,01,不限,540,105 93 129 213
2026,1413,5122,西南石油大学,02,物理＋化学,589,104 110 132 243
2026,1414,5122,西南石油大学,03,物理＋化学(中外合办),568,110 109 118 231
2026,1415,5123,成都理工大学,01,不限,567,104 101 125 237
2026,1416,5123,成都理工大学,02,物理＋化学,583,97 104 130 252
2026,1417,5124,西南科技大学,01,不限,489,110 83 110 186
2026,1418,5124,西南科技大学,02,物理＋化学,504,96 82 110 216
2026,1419,5124,西南科技大学,03,不限(中外合办),490,90 98 116 186
2026,1420,5125,成都信息工程大学,01,不限,508,88 94 95 231
2026,1421,5125,成都信息工程大学,02,地理,529,107 93 104 225
2026,1422,5125,成都信息工程大学,03,物理＋化学,542,105 105 107 225
2026,1423,5125,成都信息工程大学,04,物理＋化学(中外合办),523,90 104 119 210
2026,1424,5126,西南医科大学,01,物理＋化学,567,111 101 127 228
2026,1425,5127,四川师范大学,01,不限,542,109 97 93 243
2026,1426,5127,四川师范大学,02,思想政治＋历史,539,106 76 102 255
2026,1427,5128,西华师范大学,01,不限,482,98 79 95 210
2026,1428,5131,成都大学,01,不限,531,98 90 121 222
2026,1429,5131,成都大学,02,思想政治,539,117 96 92 234
2026,1430,5131,成都大学,03,物理＋化学,536,96 107 96 237
2026,1431,5132,攀枝花学院,01,不限,481,109 84 99 189
2026,1432,5132,攀枝花学院,02,物理＋化学,529,102 91 102 234
2026,1433,5133,西华大学,01,不限,508,96 86 101 225
2026,1434,5139,吉利学院,01,不限,429,
2026,1435,5139,吉利学院,02,物理,429,
2026,1436,5139,吉利学院,03,物理＋化学,429,
2026,1437,5140,电子科技大学成都学院,01,不限,461,93 93 98 177
2026,1438,5140,电子科技大学成都学院,02,物理,431,86 90 108 147
2026,1439,5140,电子科技大学成都学院,03,物理＋化学,435,75 76 80 204
2026,1440,5145,四川大学锦江学院,01,不限,463,93 74 80 216
2026,1441,5146,西南财经大学天府学院,01,不限,466,105 79 105 177
2026,1442,5152,成都东软学院,01,不限,444,103 56 72 213
2026,1443,5152,成都东软学院,02,物理＋化学,429,
2026,1444,5157,四川工程职业技术大学,01,物理,433,82 82 86 183
2026,1445,5163,四川工业科技学院,01,不限,457,90 89 80 198
2026,1446,5165,四川轻化工大学,01,不限,480,96 85 92 207
2026,1447,5201,贵州大学,01,不限,562,108 90 127 237
2026,1448,5201,贵州大学,02,物理＋化学,588,110 106 135 237
2026,1449,5204,贵州财经大学,01,物理(中外合办),429,外语线:90
2026,1450,5205,贵州中医药大学,01,不限,535,110 90 128 207
2026,1451,5206,贵州医科大学,01,物理＋化学,552,100 111 104 237
2026,1452,5305,云南大学,01,物理,594,116 117 115 246
2026,1453,5305,云南大学,02,思想政治,611,124 101 122 264
2026,1454,5305,云南大学,03,物理＋化学,593,112 102 133 246
2026,1455,5305,云南大学,04,思想政治＋历史,605,118 95 128 264
2026,1456,5305,云南大学,05,物理＋化学＋生物,593,110 118 125 240
2026,1457,5305,云南大学,06,物理＋化学＋生物(中外 合办),586,96 106 132 252
2026,1458,5310,昆明理工大学,01,物理＋化学,521,105 100 91 225
2026,1459,5311,云南农业大学,01,物理＋化学,498,108 93 105 192
2026,1460,5312,西南林业大学,01,不限,483,98 80 107 198
2026,1461,5313,云南师范大学,01,思想政治＋历史,524,114 83 108 219
2026,1462,5314,大理大学,01,物理＋化学,512,109 108 100 195
2026,1463,5315,云南财经大学,01,不限,507,103 81 101 222
2026,1464,5316,昆明医科大学,01,物理＋化学,561,111 105 120 225
2026,1465,5320,丽江文化旅游学院,01,不限,441,100 73 70 198
2026,1466,5322,昆明医科大学海源学院,01,物理＋化学,483,101 86 95 201
2026,1467,5324,昆明理工大学津桥学院,01,不限,467,88 96 85 198
2026,1468,5324,昆明理工大学津桥学院,02,物理＋化学,429,
2026,1469,6101,西安体育学院,01,不限,482,88 89 107 198
2026,1470,6110,西安交通大学,01,不限,645,122 124 132 267
2026,1471,6110,西安交通大学,02,历史,645,124 105 137 279
2026,1472,6110,西安交通大学,03,物理＋化学,656,123 121 130 282
2026,1473,6110,西安交通大学,04,不限(中外合办),626,121 105 127 273
2026,1474,6110,西安交通大学,05,物理＋化学(中外合办),631,118 114 138 261
2026,1475,6110,西安交通大学,06,物理＋化学(中外合办),645,127 115 136 267
2026,1476,6110,西安交通大学,07,物理＋化学(中外合办),644,111 133 130 270
2026,1477,6110,西安交通大学,08,物理＋化学(中外合办),627,116 113 137 261
2026,1478,6110,西安交通大学,09,物理＋化学,654,125 125 143 261
2026,1479,6111,西安电子科技大学,01,物理,623,110 122 127 264
2026,1480,6111,西安电子科技大学,02,历史,593,118 105 127 243
2026,1481,6111,西安电子科技大学,03,物理＋化学,648,130 123 137 258
2026,1482,6111,西安电子科技大学,04,物理＋化学,640,111 132 124 273
2026,1483,6111,西安电子科技大学,05,物理＋化学(中外合办),626,112 124 138 252
2026,1484,6111,西安电子科技大学,06,物理＋化学(中外合办),628,115 111 132 270
2026,1485,6112,长安大学,01,不限,583,115 115 110 243
2026,1486,6112,长安大学,02,物理,588,107 110 131 240
2026,1487,6112,长安大学,03,物理＋化学,601,114 93 130 264
2026,1488,6112,长安大学,04,物理＋化学,595,115 108 138 234
2026,1489,6112,长安大学,05,物理＋化学(中外合办),578,113 98 133 234
2026,1490,6113,西北农林科技大学,01,不限,606,111 95 139 261
2026,1491,6113,西北农林科技大学,02,物理＋化学,612,107 122 137 246
2026,1492,6113,西北农林科技大学,03,物理＋化学＋生物,619,115 121 128 255
2026,1493,6113,西北农林科技大学,04,不限(中外合办),595,117 104 110 264
2026,1494,6113,西北农林科技大学,05,物理＋化学(中外合办),592,105 109 129 249
2026,1495,6114,陕西师范大学,01,不限,579,116 91 126 246
2026,1496,6114,陕西师范大学,02,历史,611,123 88 136 264
2026,1497,6114,陕西师范大学,03,物理＋化学,585,104 115 120 246
2026,1498,6115,西北工业大学,01,物理＋化学,654,121 132 128 273
2026,1499,6115,西北工业大学,02,物理＋化学(中外合办),630,125 111 139 255
2026,1500,6115,西北工业大学,03,物理＋化学(中外合办),639,120 125 130 264
2026,1501,6115,西北工业大学,04,物理＋化学(中外合办),632,131 112 143 246
2026,1502,6116,西北大学,01,物理,588,113 108 118 249
2026,1503,6116,西北大学,02,历史,583,117 90 127 249
2026,1504,6116,西北大学,03,历史,620,110 107 139 264
2026,1505,6116,西北大学,04,物理＋化学,589,113 111 125 240
2026,1506,6116,西北大学,05,物理＋化学,599,118 112 117 252
2026,1507,6117,西安建筑科技大学,01,不限,538,100 99 90 249
2026,1508,6118,陕西科技大学,01,物理＋化学,544,111 108 106 219
2026,1509,6119,陕西中医药大学,01,不限,561,118 102 110 231
2026,1510,6121,西安理工大学,01,物理＋化学,584,104 112 128 240
2026,1511,6122,西安工业大学,01,不限,534,98 100 120 216
2026,1512,6122,西安工业大学,02,物理＋化学,559,104 107 117 231
2026,1513,6123,西安科技大学,01,物理＋化学,542,94 97 108 243
2026,1514,6124,西安石油大学,01,不限,542,104 110 115 213
2026,1515,6124,西安石油大学,02,物理＋化学,548,102 97 115 234
2026,1516,6125,西安工程大学,01,物理,519,102 90 111 216
2026,1517,6126,陕西理工大学,01,不限,491,96 88 97 210
2026,1518,6126,陕西理工大学,02,物理＋化学,526,104 92 108 222
2026,1519,6127,宝鸡文理学院,01,思想政治,484,92 86 102 204
2026,1520,6129,西安外国语大学,01,不限,511,112 79 110 210
2026,1521,6130,西北政法大学,01,不限,613,108 111 133 261
2026,1522,6132,西安财经大学,01,不限,515,112 77 113 213
2026,1523,6133,西安邮电大学,01,物理＋化学,591,107 110 131 243
2026,1524,6140,西安培华学院,01,不限,461,79 81 97 204
2026,1525,6140,西安培华学院,02,物理,429,
2026,1526,6140,西安培华学院,03,物理＋化学,429,
2026,1527,6141,西安建筑科技大学华清学,01,物理,429,
2026,1528,6143,西安工商学院,01,物理,442,93 61 84 204
2026,1529,6145,西安科技大学高新学院,01,不限,456,89 80 101 186
2026,1530,6145,西安科技大学高新学院,02,物理,429,
2026,1531,6146,西安交通大学城市学院,01,不限,472,96 78 88 210
2026,1532,6159,西安思源学院,01,物理＋化学,429,
2026,1533,6210,兰州大学,01,不限,610,111 112 126 261
2026,1534,6210,兰州大学,02,历史,619,114 115 132 258
2026,1535,6210,兰州大学,03,历史,610,121 109 134 246
2026,1536,6210,兰州大学,04,物理＋化学,629,111 113 141 264
2026,1537,6210,兰州大学,05,物理＋化学,625,115 122 133 255
2026,1538,6210,兰州大学,06,物理＋化学,627,114 123 126 264
2026,1539,6210,兰州大学,07,物理＋化学,603,118 115 133 237
2026,1540,6210,兰州大学,08,物理＋化学(中外合办),605,112 127 123 243
2026,1541,6215,西北民族大学,01,不限,501,104 96 76 225
2026,1542,6215,西北民族大学,02,化学,520,95 83 105 237
2026,1543,6215,西北民族大学,03,物理＋化学,450,101 65 86 198
2026,1544,6216,兰州理工大学,01,不限,504,99 90 108 207
2026,1545,6216,兰州理工大学,02,物理,505,98 111 80 216
2026,1546,6216,兰州理工大学,03,物理＋化学,520,101 91 106 222
2026,1547,6217,兰州交通大学,01,物理,525,107 103 102 213
2026,1548,6217,兰州交通大学,02,物理＋化学,536,103 98 116 219
2026,1549,6218,西北师范大学,01,不限,502,108 77 98 219
2026,1550,6218,西北师范大学,02,地理,521,99 98 108 216
2026,1551,6218,西北师范大学,03,物理＋化学,500,87 103 97 213
2026,1552,6218,西北师范大学,04,物理＋化学(中外合办),482,104 64 107 207
2026,1553,6219,兰州财经大学,01,不限,481,92 87 104 198
2026,1554,6219,兰州财经大学,02,物理,477,110 75 100 192
2026,1555,6220,甘肃政法大学,01,不限,532,105 102 112 213
2026,1556,6220,甘肃政法大学,02,思想政治,506,102 88 85 231
2026,1557,6220,甘肃政法大学,03,物理＋化学,491,95 77 109 210
2026,1558,6301,青海大学,01,物理＋化学,582,118 120 113 231
2026,1559,6301,青海大学,02,物理＋化学＋生物,580,111 116 128 225
2026,1560,6304,青海理工学院,01,物理,460,102 82 102 174
2026,1561,6304,青海理工学院,02,物理＋化学,440,108 65 96 171
2026,1562,6410,北方民族大学,01,不限,481,107 84 104 186
2026,1563,6410,北方民族大学,02,物理＋化学,521,113 95 100 213
2026,1564,6505,新疆大学,01,不限,560,102 101 138 219
2026,1565,6505,新疆大学,02,物理＋化学,560,101 99 123 237
2026,1566,6510,石河子大学,01,不限,538,105 86 116 231
2026,1567,6510,石河子大学,02,物理＋化学,541,107 104 126 204
2026,1568,6511,新疆农业大学,01,不限,468,90 79 101 198 外语线:90
2026,1569,6511,新疆农业大学,02,物理＋化学,443,99 90 53 201
2026,1570,6514,新疆财经大学,01,不限,475,98 84 101 192
2026,1571,6514,新疆财经大学,02,物理,476,94 75 100 207
2026,1572,6514,新疆财经大学,03,物理＋化学,452,79 101 86 186
2026,1573,6516,中国石油大学(北京)克拉玛依校区,01,不限,542,102 90 122 228
2026,1574,6516,中国石油大学(北京)克拉玛依校区,02,物理,572,109 114 118 231
2026,1575,6516,中国石油大学(北京)克拉玛依校区,03,物理＋化学,576,112 97 127 240
2026,1576,6517,塔里木大学,01,不限,471,100 82 91 198
2026,1577,6518,喀什大学,01,思想政治,489,96 70 89 234
2026,1578,6518,喀什大学,02,物理＋化学,450,85 84 80 201
2026,1579,6519,新疆政法学院,01,不限,474,100 80 78 216
2026,1580,6519,新疆政法学院,02,物理＋化学,433,80 78 77 198
2026,1581,6521,新疆和田学院,01,不限,469,84 83 89 213
2026,1582,6521,新疆和田学院,02,化学,462,95 74 110 183
2026,1583,6521,新疆和田学院,03,思想政治,466,103 74 100 189
2026,1584,6521,新疆和田学院,04,物理＋化学,429,
2026,1585,6522,昌吉学院,01,不限,472,94 74 88 216
2026,1586,6522,昌吉学院,02,思想政治,470,106 69 94 201
2026,1587,6524,新疆科技学院,01,不限,470,101 73 95 201
2026,1588,6525,新疆工业学院,01,物理＋化学,433,84 94 81 174
2026,1589,6526,新疆理工职业大学,01,物理,434,89 70 95 180
2026,1590,6530,新疆工程学院,01,物理＋化学,436,102 83 83 168
2026,1591,7321,中国人民大学(苏州校区),01,物理＋化学,660,114 128 139 279
2026,1592,7321,中国人民大学(苏州校区),02,不限(中外合办),636,122 106 141 267
2026,1593,7321,中国人民大学(苏州校区),03,物理＋化学(中外合办),647,127 127 141 252
2026,1594,7351,厦门大学(马来西亚分校),01,不限,623,125 101 130 267 外语线:120
2026,1595,7351,厦门大学(马来西亚分校),02,物理＋化学,613,117 112 129 255 外语线:120
2026,1596,7371,北京交通大学(威海校区),01,不限(中外合办),604,110 109 130 255
2026,1597,7371,北京交通大学(威海校区),02,物理＋化学(中外合办),615,105 114 129 267
